Workbook

Sheet Initiative List
A1: Item # | B1: Initiative | C1: Discipline | D1: Category | E1: Deliverable | F1: Action | G1: Assigned To | H1: Reviewer | I1: Status | J1: Notes | K1: Priority | L1: Due Date | M1: Priority Weight | N1: Manual Progress % | O1: Effective Progress % | P1: Weighted Earned | Q1: Status Bucket | R1: Overdue Flag | S1: This Week Earned | T1: Last Updated | U1: Week Ending | V1: Due Quarter Bucket
A2: =IF(A1="Item #",1,A1+1) -> 1 | B2: Consistency Workshop | C2: E&I Department | D2: Estimating | E2: Estimate Basis | F2: Develop an Estimate Basis that applies to projects that don’t have a client design criteria. "how Kieiwt OGC does projects" | G2: Ahmad Yakuba | H2: Allen Douglas | I2: Started | J2: build before, during Consistancy Workshops Homer City This is needed for Mock Procjects as well | K2: High | M2: =IF(K2="Critical",4,IF(K2="High",3,IF(K2="Medium",2,IF(K2="Low",1,0)))) -> 3 | N2: 0.25 | O2: =IF(N2="",IF(I2="Closed Out",1,IF(I2="Complete",1,IF(I2="Approved",1,IF(I2="Reviewed",1,IF(I2="In Review",0.9,IF(I2="75% Complete",0.75,IF(I2="50% Complete",0.5,IF(I2="25% Complete",0.25,IF(I2="Started",0.25,0))))))))),MAX(IF(I2="Closed Out",1,IF(I2="Complete",1,IF(I2="Approved",1,IF(I2="Reviewed",1,IF(I2="In Review",0.9,IF(I2="75% Complete",0.75,IF(I2="50% Complete",0.5,IF(I2="25% Complete",0.25,IF(I2="Started",0.25,0))))))))),N2)) -> 0.25 | P2: =M2*O2 -> 0.75 | Q2: =IF(OR(I2="Closed Out",I2="Complete",I2="Approved",I2="Reviewed"),"Closed",IF(OR(I2="HOLD",I2="Pause"),"Blocked","Open")) -> Open | R2: =IF(AND(Q2="Open",ISNUMBER(L2),L2<TODAY()),1,0) -> 0 | S2: 0 | V2: =IF(ISNUMBER(L2),"Q"&ROUNDUP(MONTH(L2)/3,0),IF(LEFT(TRIM(CLEAN(L2)),1)="Q","Q"&VALUE(RIGHT(TRIM(CLEAN(L2)),1)),"No Date")) -> No Date
A3: =IF(A2="Item #",1,A2+1) -> 2 | B3: Estimate Document Numbering | C3: OGC | D3: Document Control | E3: Teambinder Numbering | F3: Apply TeamBinder Document Numbering to Rock County (E&I) | G3: Allen Douglas | I3: HOLD | J3: Need to finish before Department Meeting Friday 4/24 if possible | K3: High | L3: HOLD | M3: =IF(K3="Critical",4,IF(K3="High",3,IF(K3="Medium",2,IF(K3="Low",1,0)))) -> 3 | N3: 0 | O3: =IF(N3="",IF(I3="Closed Out",1,IF(I3="Complete",1,IF(I3="Approved",1,IF(I3="Reviewed",1,IF(I3="In Review",0.9,IF(I3="75% Complete",0.75,IF(I3="50% Complete",0.5,IF(I3="25% Complete",0.25,IF(I3="Started",0.25,0))))))))),MAX(IF(I3="Closed Out",1,IF(I3="Complete",1,IF(I3="Approved",1,IF(I3="Reviewed",1,IF(I3="In Review",0.9,IF(I3="75% Complete",0.75,IF(I3="50% Complete",0.5,IF(I3="25% Complete",0.25,IF(I3="Started",0.25,0))))))))),N3)) -> 0 | P3: =M3*O3 -> 0 | Q3: =IF(OR(I3="Closed Out",I3="Complete",I3="Approved",I3="Reviewed"),"Closed",IF(OR(I3="HOLD",I3="Pause"),"Blocked","Open")) -> Blocked | R3: =IF(AND(Q3="Open",ISNUMBER(L3),L3<TODAY()),1,0) -> 0 | S3: 0 | V3: =IF(ISNUMBER(L3),"Q"&ROUNDUP(MONTH(L3)/3,0),IF(LEFT(TRIM(CLEAN(L3)),1)="Q","Q"&VALUE(RIGHT(TRIM(CLEAN(L3)),1)),"No Date")) -> No Date
A4: =IF(A3="Item #",1,A3+1) -> 3 | B4: Estimate Document Numbering | C4: OGC | D4: Document Control | E4: Teambinder Numbering | F4: Show Rock County Example to Department Managers | G4: Allen Douglas | I4: HOLD | J4: Must complete Item 2 - Rock County Numbering | K4: High | L4: HOLD | M4: =IF(K4="Critical",4,IF(K4="High",3,IF(K4="Medium",2,IF(K4="Low",1,0)))) -> 3 | N4: 0 | O4: =IF(N4="",IF(I4="Closed Out",1,IF(I4="Complete",1,IF(I4="Approved",1,IF(I4="Reviewed",1,IF(I4="In Review",0.9,IF(I4="75% Complete",0.75,IF(I4="50% Complete",0.5,IF(I4="25% Complete",0.25,IF(I4="Started",0.25,0))))))))),MAX(IF(I4="Closed Out",1,IF(I4="Complete",1,IF(I4="Approved",1,IF(I4="Reviewed",1,IF(I4="In Review",0.9,IF(I4="75% Complete",0.75,IF(I4="50% Complete",0.5,IF(I4="25% Complete",0.25,IF(I4="Started",0.25,0))))))))),N4)) -> 0 | P4: =M4*O4 -> 0 | Q4: =IF(OR(I4="Closed Out",I4="Complete",I4="Approved",I4="Reviewed"),"Closed",IF(OR(I4="HOLD",I4="Pause"),"Blocked","Open")) -> Blocked | R4: =IF(AND(Q4="Open",ISNUMBER(L4),L4<TODAY()),1,0) -> 0 | S4: 0 | V4: =IF(ISNUMBER(L4),"Q"&ROUNDUP(MONTH(L4)/3,0),IF(LEFT(TRIM(CLEAN(L4)),1)="Q","Q"&VALUE(RIGHT(TRIM(CLEAN(L4)),1)),"No Date")) -> No Date
A5: =IF(A4="Item #",1,A4+1) -> 4 | B5: Indicative Tool | C5: Instrumentation and Controls | D5: Estimating | E5: Indicative Tool | F5: Developing high-level quantities for instrumentation, controls and Telecoms for ammonia plants, to add it to the indicative procedure and data source. | G5: John McGoldrick | I5: Closed Out | J5: ETA expected by May 1st. Not fisnihed yet due to commitments with Texas LNG estimate changes. TLNG holding up progress (at 75%) | K5: Critical | L5: 42505 | M5: =IF(K5="Critical",4,IF(K5="High",3,IF(K5="Medium",2,IF(K5="Low",1,0)))) -> 4 | N5: 1 | O5: =IF(N5="",IF(I5="Closed Out",1,IF(I5="Complete",1,IF(I5="Approved",1,IF(I5="Reviewed",1,IF(I5="In Review",0.9,IF(I5="75% Complete",0.75,IF(I5="50% Complete",0.5,IF(I5="25% Complete",0.25,IF(I5="Started",0.25,0))))))))),MAX(IF(I5="Closed Out",1,IF(I5="Complete",1,IF(I5="Approved",1,IF(I5="Reviewed",1,IF(I5="In Review",0.9,IF(I5="75% Complete",0.75,IF(I5="50% Complete",0.5,IF(I5="25% Complete",0.25,IF(I5="Started",0.25,0))))))))),N5)) -> 1 | P5: =M5*O5 -> 4 | Q5: =IF(OR(I5="Closed Out",I5="Complete",I5="Approved",I5="Reviewed"),"Closed",IF(OR(I5="HOLD",I5="Pause"),"Blocked","Open")) -> Closed | R5: =IF(AND(Q5="Open",ISNUMBER(L5),L5<TODAY()),1,0) -> 0 | S5: 0 | V5: =IF(ISNUMBER(L5),"Q"&ROUNDUP(MONTH(L5)/3,0),IF(LEFT(TRIM(CLEAN(L5)),1)="Q","Q"&VALUE(RIGHT(TRIM(CLEAN(L5)),1)),"No Date")) -> Q2
A6: =IF(A5="Item #",1,A5+1) -> 5 | B6: Initiatives - Future | C6: Electrical | D6: Procurement | E6: OGC Estimate Checklist | F6: Electrical Checklist / Matrix / DOR for Pricing Responsiblities | G6: Ahmad Yakuba | H6: Allen Douglas | I6: In Review | J6: Use Item 44 final documentation as a go-by and produce the same for Electrical Sent to Allen for review | K6: Medium | M6: =IF(K6="Critical",4,IF(K6="High",3,IF(K6="Medium",2,IF(K6="Low",1,0)))) -> 2 | N6: 0.9 | O6: =IF(N6="",IF(I6="Closed Out",1,IF(I6="Complete",1,IF(I6="Approved",1,IF(I6="Reviewed",1,IF(I6="In Review",0.9,IF(I6="75% Complete",0.75,IF(I6="50% Complete",0.5,IF(I6="25% Complete",0.25,IF(I6="Started",0.25,0))))))))),MAX(IF(I6="Closed Out",1,IF(I6="Complete",1,IF(I6="Approved",1,IF(I6="Reviewed",1,IF(I6="In Review",0.9,IF(I6="75% Complete",0.75,IF(I6="50% Complete",0.5,IF(I6="25% Complete",0.25,IF(I6="Started",0.25,0))))))))),N6)) -> 0.9 | P6: =M6*O6 -> 1.8 | Q6: =IF(OR(I6="Closed Out",I6="Complete",I6="Approved",I6="Reviewed"),"Closed",IF(OR(I6="HOLD",I6="Pause"),"Blocked","Open")) -> Open | R6: =IF(AND(Q6="Open",ISNUMBER(L6),L6<TODAY()),1,0) -> 0 | S6: 0 | V6: =IF(ISNUMBER(L6),"Q"&ROUNDUP(MONTH(L6)/3,0),IF(LEFT(TRIM(CLEAN(L6)),1)="Q","Q"&VALUE(RIGHT(TRIM(CLEAN(L6)),1)),"No Date")) -> No Date
A7: =IF(A6="Item #",1,A6+1) -> 6 | B7: Mock Project Files | C7: E&I Department | D7: Engineering | E7: Standard Template | F7: Pull Rock County Master P&IDs for use on future Mock Projects | G7: Allen Douglas | I7: HOLD | J7: Sabina has stated that PID set is getting scrubbed; ready May 22nd RGLNG is ready for use (PID and Plot Plan) | K7: Low | L7: HOLD | M7: =IF(K7="Critical",4,IF(K7="High",3,IF(K7="Medium",2,IF(K7="Low",1,0)))) -> 1 | N7: 0 | O7: =IF(N7="",IF(I7="Closed Out",1,IF(I7="Complete",1,IF(I7="Approved",1,IF(I7="Reviewed",1,IF(I7="In Review",0.9,IF(I7="75% Complete",0.75,IF(I7="50% Complete",0.5,IF(I7="25% Complete",0.25,IF(I7="Started",0.25,0))))))))),MAX(IF(I7="Closed Out",1,IF(I7="Complete",1,IF(I7="Approved",1,IF(I7="Reviewed",1,IF(I7="In Review",0.9,IF(I7="75% Complete",0.75,IF(I7="50% Complete",0.5,IF(I7="25% Complete",0.25,IF(I7="Started",0.25,0))))))))),N7)) -> 0 | P7: =M7*O7 -> 0 | Q7: =IF(OR(I7="Closed Out",I7="Complete",I7="Approved",I7="Reviewed"),"Closed",IF(OR(I7="HOLD",I7="Pause"),"Blocked","Open")) -> Blocked | R7: =IF(AND(Q7="Open",ISNUMBER(L7),L7<TODAY()),1,0) -> 0 | S7: 0 | V7: =IF(ISNUMBER(L7),"Q"&ROUNDUP(MONTH(L7)/3,0),IF(LEFT(TRIM(CLEAN(L7)),1)="Q","Q"&VALUE(RIGHT(TRIM(CLEAN(L7)),1)),"No Date")) -> No Date
A8: =IF(A7="Item #",1,A7+1) -> 7 | B8: Initiatives - Future | C8: E&I Department | D8: Procurement | E8: Project SharePoint | F8: Update standard folder structure for project and send to Sonya | G8: Ahmad Yakuba | H8: Allen Douglas | I8: Started | J8: Work together through Homer City and submit to DC for implementation | K8: Medium | M8: =IF(K8="Critical",4,IF(K8="High",3,IF(K8="Medium",2,IF(K8="Low",1,0)))) -> 2 | N8: 0.25 | O8: =IF(N8="",IF(I8="Closed Out",1,IF(I8="Complete",1,IF(I8="Approved",1,IF(I8="Reviewed",1,IF(I8="In Review",0.9,IF(I8="75% Complete",0.75,IF(I8="50% Complete",0.5,IF(I8="25% Complete",0.25,IF(I8="Started",0.25,0))))))))),MAX(IF(I8="Closed Out",1,IF(I8="Complete",1,IF(I8="Approved",1,IF(I8="Reviewed",1,IF(I8="In Review",0.9,IF(I8="75% Complete",0.75,IF(I8="50% Complete",0.5,IF(I8="25% Complete",0.25,IF(I8="Started",0.25,0))))))))),N8)) -> 0.25 | P8: =M8*O8 -> 0.5 | Q8: =IF(OR(I8="Closed Out",I8="Complete",I8="Approved",I8="Reviewed"),"Closed",IF(OR(I8="HOLD",I8="Pause"),"Blocked","Open")) -> Open | R8: =IF(AND(Q8="Open",ISNUMBER(L8),L8<TODAY()),1,0) -> 0 | S8: 0 | V8: =IF(ISNUMBER(L8),"Q"&ROUNDUP(MONTH(L8)/3,0),IF(LEFT(TRIM(CLEAN(L8)),1)="Q","Q"&VALUE(RIGHT(TRIM(CLEAN(L8)),1)),"No Date")) -> No Date
A9: =IF(A8="Item #",1,A8+1) -> 8 | B9: Initiatives - Future | C9: E&I Department | D9: Estimating | E9: Historical / Benchmark Improvement IO 101023945 | F9: Ship-Loose database to be used on class2 and indicative estimates quantities, for mechancial equipment. | G9: Ahmed Sherif | I9: HOLD | J9: Starting April 23rd. TO start having contact with Aden and Keshika to finalize the modoule's quantities fillout on Query software. Push to Quarter 3 start to prioritize Energy procedures | K9: Medium | L9: Q3 | M9: =IF(K9="Critical",4,IF(K9="High",3,IF(K9="Medium",2,IF(K9="Low",1,0)))) -> 2 | N9: 0 | O9: =IF(N9="",IF(I9="Closed Out",1,IF(I9="Complete",1,IF(I9="Approved",1,IF(I9="Reviewed",1,IF(I9="In Review",0.9,IF(I9="75% Complete",0.75,IF(I9="50% Complete",0.5,IF(I9="25% Complete",0.25,IF(I9="Started",0.25,0))))))))),MAX(IF(I9="Closed Out",1,IF(I9="Complete",1,IF(I9="Approved",1,IF(I9="Reviewed",1,IF(I9="In Review",0.9,IF(I9="75% Complete",0.75,IF(I9="50% Complete",0.5,IF(I9="25% Complete",0.25,IF(I9="Started",0.25,0))))))))),N9)) -> 0 | P9: =M9*O9 -> 0 | Q9: =IF(OR(I9="Closed Out",I9="Complete",I9="Approved",I9="Reviewed"),"Closed",IF(OR(I9="HOLD",I9="Pause"),"Blocked","Open")) -> Blocked | R9: =IF(AND(Q9="Open",ISNUMBER(L9),L9<TODAY()),1,0) -> 0 | S9: 0 | V9: =IF(ISNUMBER(L9),"Q"&ROUNDUP(MONTH(L9)/3,0),IF(LEFT(TRIM(CLEAN(L9)),1)="Q","Q"&VALUE(RIGHT(TRIM(CLEAN(L9)),1)),"No Date")) -> Q3
A10: =IF(A9="Item #",1,A9+1) -> 9 | B10: Consistency Workshop | C10: OGC | D10: Department | E10: OGC Estimate Checklist | F10: Review and provide feedback to management on current checklist | G10: Allen Douglas | I10: Not Started | K10: Critical | L10: 45789 | M10: =IF(K10="Critical",4,IF(K10="High",3,IF(K10="Medium",2,IF(K10="Low",1,0)))) -> 4 | N10: 0 | O10: =IF(N10="",IF(I10="Closed Out",1,IF(I10="Complete",1,IF(I10="Approved",1,IF(I10="Reviewed",1,IF(I10="In Review",0.9,IF(I10="75% Complete",0.75,IF(I10="50% Complete",0.5,IF(I10="25% Complete",0.25,IF(I10="Started",0.25,0))))))))),MAX(IF(I10="Closed Out",1,IF(I10="Complete",1,IF(I10="Approved",1,IF(I10="Reviewed",1,IF(I10="In Review",0.9,IF(I10="75% Complete",0.75,IF(I10="50% Complete",0.5,IF(I10="25% Complete",0.25,IF(I10="Started",0.25,0))))))))),N10)) -> 0 | P10: =M10*O10 -> 0 | Q10: =IF(OR(I10="Closed Out",I10="Complete",I10="Approved",I10="Reviewed"),"Closed",IF(OR(I10="HOLD",I10="Pause"),"Blocked","Open")) -> Open | R10: =IF(AND(Q10="Open",ISNUMBER(L10),L10<TODAY()),1,0) -> 1 | S10: 0 | V10: =IF(ISNUMBER(L10),"Q"&ROUNDUP(MONTH(L10)/3,0),IF(LEFT(TRIM(CLEAN(L10)),1)="Q","Q"&VALUE(RIGHT(TRIM(CLEAN(L10)),1)),"No Date")) -> Q2
A11: =IF(A10="Item #",1,A10+1) -> 10 | B11: I&C Adapt Logic | C11: Instrumentation and Controls | D11: Estimating | E11: ADAPT - Logic | F11: Re-do logic test to validate changes/corrections by Adapt Team | G11: Keshika Nath Varma | H11: Rene Contreras | I11: Closed Out | J11: Run the test in Adapt for updates completed by Adapt team. Some modifications not done yet by Adapt team. | K11: High | L11: 45795 | M11: =IF(K11="Critical",4,IF(K11="High",3,IF(K11="Medium",2,IF(K11="Low",1,0)))) -> 3 | N11: 1 | O11: =IF(N11="",IF(I11="Closed Out",1,IF(I11="Complete",1,IF(I11="Approved",1,IF(I11="Reviewed",1,IF(I11="In Review",0.9,IF(I11="75% Complete",0.75,IF(I11="50% Complete",0.5,IF(I11="25% Complete",0.25,IF(I11="Started",0.25,0))))))))),MAX(IF(I11="Closed Out",1,IF(I11="Complete",1,IF(I11="Approved",1,IF(I11="Reviewed",1,IF(I11="In Review",0.9,IF(I11="75% Complete",0.75,IF(I11="50% Complete",0.5,IF(I11="25% Complete",0.25,IF(I11="Started",0.25,0))))))))),N11)) -> 1 | P11: =M11*O11 -> 3 | Q11: =IF(OR(I11="Closed Out",I11="Complete",I11="Approved",I11="Reviewed"),"Closed",IF(OR(I11="HOLD",I11="Pause"),"Blocked","Open")) -> Closed | R11: =IF(AND(Q11="Open",ISNUMBER(L11),L11<TODAY()),1,0) -> 0 | S11: 0 | V11: =IF(ISNUMBER(L11),"Q"&ROUNDUP(MONTH(L11)/3,0),IF(LEFT(TRIM(CLEAN(L11)),1)="Q","Q"&VALUE(RIGHT(TRIM(CLEAN(L11)),1)),"No Date")) -> Q2
A12: =IF(A11="Item #",1,A11+1) -> 11 | B12: Department Display | C12: E&I Department | D12: Estimating | E12: Presentation | F12: Build out Technline Racks and Install equipment / Raceways | G12: Andy Baruth | I12: HOLD | J12: Texas LNG | K12: Low | L12: when hell freezes over | M12: =IF(K12="Critical",4,IF(K12="High",3,IF(K12="Medium",2,IF(K12="Low",1,0)))) -> 1 | N12: 0 | O12: =IF(N12="",IF(I12="Closed Out",1,IF(I12="Complete",1,IF(I12="Approved",1,IF(I12="Reviewed",1,IF(I12="In Review",0.9,IF(I12="75% Complete",0.75,IF(I12="50% Complete",0.5,IF(I12="25% Complete",0.25,IF(I12="Started",0.25,0))))))))),MAX(IF(I12="Closed Out",1,IF(I12="Complete",1,IF(I12="Approved",1,IF(I12="Reviewed",1,IF(I12="In Review",0.9,IF(I12="75% Complete",0.75,IF(I12="50% Complete",0.5,IF(I12="25% Complete",0.25,IF(I12="Started",0.25,0))))))))),N12)) -> 0 | P12: =M12*O12 -> 0 | Q12: =IF(OR(I12="Closed Out",I12="Complete",I12="Approved",I12="Reviewed"),"Closed",IF(OR(I12="HOLD",I12="Pause"),"Blocked","Open")) -> Blocked | R12: =IF(AND(Q12="Open",ISNUMBER(L12),L12<TODAY()),1,0) -> 0 | S12: 0 | V12: =IF(ISNUMBER(L12),"Q"&ROUNDUP(MONTH(L12)/3,0),IF(LEFT(TRIM(CLEAN(L12)),1)="Q","Q"&VALUE(RIGHT(TRIM(CLEAN(L12)),1)),"No Date")) -> No Date
A13: =IF(A12="Item #",1,A12+1) -> 12 | B13: White Paper Reports | C13: E&I Department | D13: Estimating | E13: Lessons Learned / White Paper | F13: Manage Procurement Comments | G13: Vendor | I13: HOLD | J13: Due before next week Wholesale Electric meeting | K13: Critical | M13: =IF(K13="Critical",4,IF(K13="High",3,IF(K13="Medium",2,IF(K13="Low",1,0)))) -> 4 | N13: 0 | O13: =IF(N13="",IF(I13="Closed Out",1,IF(I13="Complete",1,IF(I13="Approved",1,IF(I13="Reviewed",1,IF(I13="In Review",0.9,IF(I13="75% Complete",0.75,IF(I13="50% Complete",0.5,IF(I13="25% Complete",0.25,IF(I13="Started",0.25,0))))))))),MAX(IF(I13="Closed Out",1,IF(I13="Complete",1,IF(I13="Approved",1,IF(I13="Reviewed",1,IF(I13="In Review",0.9,IF(I13="75% Complete",0.75,IF(I13="50% Complete",0.5,IF(I13="25% Complete",0.25,IF(I13="Started",0.25,0))))))))),N13)) -> 0 | P13: =M13*O13 -> 0 | Q13: =IF(OR(I13="Closed Out",I13="Complete",I13="Approved",I13="Reviewed"),"Closed",IF(OR(I13="HOLD",I13="Pause"),"Blocked","Open")) -> Blocked | R13: =IF(AND(Q13="Open",ISNUMBER(L13),L13<TODAY()),1,0) -> 0 | S13: 0 | V13: =IF(ISNUMBER(L13),"Q"&ROUNDUP(MONTH(L13)/3,0),IF(LEFT(TRIM(CLEAN(L13)),1)="Q","Q"&VALUE(RIGHT(TRIM(CLEAN(L13)),1)),"No Date")) -> No Date
A14: =IF(A13="Item #",1,A13+1) -> 13 | B14: Consistency Workshop | C14: Instrumentation and Controls | D14: Department | E14: Standard Template | F14: Module Materail Quantity Automation Tool | G14: Ahmed Sherif | I14: 50% Complete | J14: Automate and align BOQ document with ADAPT account codes. Conducted meeting with Ibrahim. Updating BOQ to include necessary details | K14: Low | L14: Q3 | M14: =IF(K14="Critical",4,IF(K14="High",3,IF(K14="Medium",2,IF(K14="Low",1,0)))) -> 1 | N14: 0.5 | O14: =IF(N14="",IF(I14="Closed Out",1,IF(I14="Complete",1,IF(I14="Approved",1,IF(I14="Reviewed",1,IF(I14="In Review",0.9,IF(I14="75% Complete",0.75,IF(I14="50% Complete",0.5,IF(I14="25% Complete",0.25,IF(I14="Started",0.25,0))))))))),MAX(IF(I14="Closed Out",1,IF(I14="Complete",1,IF(I14="Approved",1,IF(I14="Reviewed",1,IF(I14="In Review",0.9,IF(I14="75% Complete",0.75,IF(I14="50% Complete",0.5,IF(I14="25% Complete",0.25,IF(I14="Started",0.25,0))))))))),N14)) -> 0.5 | P14: =M14*O14 -> 0.5 | Q14: =IF(OR(I14="Closed Out",I14="Complete",I14="Approved",I14="Reviewed"),"Closed",IF(OR(I14="HOLD",I14="Pause"),"Blocked","Open")) -> Open | R14: =IF(AND(Q14="Open",ISNUMBER(L14),L14<TODAY()),1,0) -> 0 | S14: 0 | V14: =IF(ISNUMBER(L14),"Q"&ROUNDUP(MONTH(L14)/3,0),IF(LEFT(TRIM(CLEAN(L14)),1)="Q","Q"&VALUE(RIGHT(TRIM(CLEAN(L14)),1)),"No Date")) -> Q3
A15: =IF(A14="Item #",1,A14+1) -> 14 | B15: White Paper Reports | C15: E&I Department | D15: Estimating | E15: Lessons Learned / White Paper | F15: RGLNG White Paper(s) TBD | G15: Construction | I15: HOLD | J15: Allen has emails from Engineering and needs Carlos Serrano at site to give construction lessons learned. Not a push until GTPP Item 11 is complete | K15: Critical | M15: =IF(K15="Critical",4,IF(K15="High",3,IF(K15="Medium",2,IF(K15="Low",1,0)))) -> 4 | N15: 0 | O15: =IF(N15="",IF(I15="Closed Out",1,IF(I15="Complete",1,IF(I15="Approved",1,IF(I15="Reviewed",1,IF(I15="In Review",0.9,IF(I15="75% Complete",0.75,IF(I15="50% Complete",0.5,IF(I15="25% Complete",0.25,IF(I15="Started",0.25,0))))))))),MAX(IF(I15="Closed Out",1,IF(I15="Complete",1,IF(I15="Approved",1,IF(I15="Reviewed",1,IF(I15="In Review",0.9,IF(I15="75% Complete",0.75,IF(I15="50% Complete",0.5,IF(I15="25% Complete",0.25,IF(I15="Started",0.25,0))))))))),N15)) -> 0 | P15: =M15*O15 -> 0 | Q15: =IF(OR(I15="Closed Out",I15="Complete",I15="Approved",I15="Reviewed"),"Closed",IF(OR(I15="HOLD",I15="Pause"),"Blocked","Open")) -> Blocked | R15: =IF(AND(Q15="Open",ISNUMBER(L15),L15<TODAY()),1,0) -> 0 | S15: 0 | V15: =IF(ISNUMBER(L15),"Q"&ROUNDUP(MONTH(L15)/3,0),IF(LEFT(TRIM(CLEAN(L15)),1)="Q","Q"&VALUE(RIGHT(TRIM(CLEAN(L15)),1)),"No Date")) -> No Date
A16: =IF(A15="Item #",1,A15+1) -> 15 | B16: Consistency Workshop | C16: E&I Department | D16: Wire and Cable | E16: Cable List | F16: Update / check termination count for all cables - 1.0 version 3 cable list has issues in termination formulas that have to be fixed | G16: Tyler Reck | H16: Andy Baruth | I16: Approved | J16: 06/15/2026 - 1.) Used "000000-EL-SPC-0005_Wire and Cable Specification" to add all cables to list. 2.) Wrote formula to quantify terminations and grounding. 3.) Need to write formula on main cable schedule sheet to add Armor and Shield terms. 06/16/2026 - 1.) Rewrote layouts for each page, to work with new formulas. 06/17/2026 - 1.) Finished writing new formula for displaying Wire and Cables, Termination, and Gland Pages 06/18/2026 - 1.) Had meeting with Andy and Raul, tested sheet and got sign off. | K16: High | L16: 46190 | M16: =IF(K16="Critical",4,IF(K16="High",3,IF(K16="Medium",2,IF(K16="Low",1,0)))) -> 3 | N16: 1 | O16: =IF(N16="",IF(I16="Closed Out",1,IF(I16="Complete",1,IF(I16="Approved",1,IF(I16="Reviewed",1,IF(I16="In Review",0.9,IF(I16="75% Complete",0.75,IF(I16="50% Complete",0.5,IF(I16="25% Complete",0.25,IF(I16="Started",0.25,0))))))))),MAX(IF(I16="Closed Out",1,IF(I16="Complete",1,IF(I16="Approved",1,IF(I16="Reviewed",1,IF(I16="In Review",0.9,IF(I16="75% Complete",0.75,IF(I16="50% Complete",0.5,IF(I16="25% Complete",0.25,IF(I16="Started",0.25,0))))))))),N16)) -> 1 | P16: =M16*O16 -> 3 | Q16: =IF(OR(I16="Closed Out",I16="Complete",I16="Approved",I16="Reviewed"),"Closed",IF(OR(I16="HOLD",I16="Pause"),"Blocked","Open")) -> Closed | R16: =IF(AND(Q16="Open",ISNUMBER(L16),L16<TODAY()),1,0) -> 0 | S16: 0 | V16: =IF(ISNUMBER(L16),"Q"&ROUNDUP(MONTH(L16)/3,0),IF(LEFT(TRIM(CLEAN(L16)),1)="Q","Q"&VALUE(RIGHT(TRIM(CLEAN(L16)),1)),"No Date")) -> Q2
A17: =IF(A16="Item #",1,A16+1) -> 16 | B17: Consistency Workshop | C17: Electrical | D17: Grounding | E17: ADAPT - Assemblies / KIDs | F17: Report back to department what grounding in ADAPT looks like | G17: Ali Malik | H17: Allen Douglas | I17: 50% Complete | J17: Moves from Oscar to Ali due to Nuclear assigment | K17: High | L17: Q3 | M17: =IF(K17="Critical",4,IF(K17="High",3,IF(K17="Medium",2,IF(K17="Low",1,0)))) -> 3 | N17: 0.5 | O17: =IF(N17="",IF(I17="Closed Out",1,IF(I17="Complete",1,IF(I17="Approved",1,IF(I17="Reviewed",1,IF(I17="In Review",0.9,IF(I17="75% Complete",0.75,IF(I17="50% Complete",0.5,IF(I17="25% Complete",0.25,IF(I17="Started",0.25,0))))))))),MAX(IF(I17="Closed Out",1,IF(I17="Complete",1,IF(I17="Approved",1,IF(I17="Reviewed",1,IF(I17="In Review",0.9,IF(I17="75% Complete",0.75,IF(I17="50% Complete",0.5,IF(I17="25% Complete",0.25,IF(I17="Started",0.25,0))))))))),N17)) -> 0.5 | P17: =M17*O17 -> 1.5 | Q17: =IF(OR(I17="Closed Out",I17="Complete",I17="Approved",I17="Reviewed"),"Closed",IF(OR(I17="HOLD",I17="Pause"),"Blocked","Open")) -> Open | R17: =IF(AND(Q17="Open",ISNUMBER(L17),L17<TODAY()),1,0) -> 0 | S17: 0 | V17: =IF(ISNUMBER(L17),"Q"&ROUNDUP(MONTH(L17)/3,0),IF(LEFT(TRIM(CLEAN(L17)),1)="Q","Q"&VALUE(RIGHT(TRIM(CLEAN(L17)),1)),"No Date")) -> Q3
A18: =IF(A17="Item #",1,A17+1) -> 17 | B18: Initiatives Folder | C18: E&I Department | D18: Department | E18: Standard Template | F18: Create Action Item List for E&I Department Initiative Tracking | G18: Allen Douglas | I18: Closed Out | J18: Email sent to department to review and provide feedback | K18: High | L18: 46141 | M18: =IF(K18="Critical",4,IF(K18="High",3,IF(K18="Medium",2,IF(K18="Low",1,0)))) -> 3 | N18: 1 | O18: =IF(N18="",IF(I18="Closed Out",1,IF(I18="Complete",1,IF(I18="Approved",1,IF(I18="Reviewed",1,IF(I18="In Review",0.9,IF(I18="75% Complete",0.75,IF(I18="50% Complete",0.5,IF(I18="25% Complete",0.25,IF(I18="Started",0.25,0))))))))),MAX(IF(I18="Closed Out",1,IF(I18="Complete",1,IF(I18="Approved",1,IF(I18="Reviewed",1,IF(I18="In Review",0.9,IF(I18="75% Complete",0.75,IF(I18="50% Complete",0.5,IF(I18="25% Complete",0.25,IF(I18="Started",0.25,0))))))))),N18)) -> 1 | P18: =M18*O18 -> 3 | Q18: =IF(OR(I18="Closed Out",I18="Complete",I18="Approved",I18="Reviewed"),"Closed",IF(OR(I18="HOLD",I18="Pause"),"Blocked","Open")) -> Closed | R18: =IF(AND(Q18="Open",ISNUMBER(L18),L18<TODAY()),1,0) -> 0 | S18: 0 | V18: =IF(ISNUMBER(L18),"Q"&ROUNDUP(MONTH(L18)/3,0),IF(LEFT(TRIM(CLEAN(L18)),1)="Q","Q"&VALUE(RIGHT(TRIM(CLEAN(L18)),1)),"No Date")) -> Q2
A19: =IF(A18="Item #",1,A18+1) -> 18 | B19: Energy Standardization | C19: Energy | D19: Estimating | E19: Excel Spreadsheet | F19: Add KPE documents to Energy Tracker | G19: Ali Malik | H19: Allen Douglas | I19: Closed Out | J19: Allen needs help with this task. Easy copy and paste 04/30/2026 - Turned back over to Allen to review | K19: Critical | L19: 46142 | M19: =IF(K19="Critical",4,IF(K19="High",3,IF(K19="Medium",2,IF(K19="Low",1,0)))) -> 4 | N19: 1 | O19: =IF(N19="",IF(I19="Closed Out",1,IF(I19="Complete",1,IF(I19="Approved",1,IF(I19="Reviewed",1,IF(I19="In Review",0.9,IF(I19="75% Complete",0.75,IF(I19="50% Complete",0.5,IF(I19="25% Complete",0.25,IF(I19="Started",0.25,0))))))))),MAX(IF(I19="Closed Out",1,IF(I19="Complete",1,IF(I19="Approved",1,IF(I19="Reviewed",1,IF(I19="In Review",0.9,IF(I19="75% Complete",0.75,IF(I19="50% Complete",0.5,IF(I19="25% Complete",0.25,IF(I19="Started",0.25,0))))))))),N19)) -> 1 | P19: =M19*O19 -> 4 | Q19: =IF(OR(I19="Closed Out",I19="Complete",I19="Approved",I19="Reviewed"),"Closed",IF(OR(I19="HOLD",I19="Pause"),"Blocked","Open")) -> Closed | R19: =IF(AND(Q19="Open",ISNUMBER(L19),L19<TODAY()),1,0) -> 0 | S19: 0 | V19: =IF(ISNUMBER(L19),"Q"&ROUNDUP(MONTH(L19)/3,0),IF(LEFT(TRIM(CLEAN(L19)),1)="Q","Q"&VALUE(RIGHT(TRIM(CLEAN(L19)),1)),"No Date")) -> Q2
A20: =IF(A19="Item #",1,A19+1) -> 19 | B20: Vendor Presentations | C20: E&I Department | D20: Estimating | E20: Presentation | F20: Vendor Visit Presenation - Emerson Ovation DCS | G20: Ahmed Sherif | I20: Closed Out | J20: Presented on 06/22 | K20: Low | L20: 46150 | M20: =IF(K20="Critical",4,IF(K20="High",3,IF(K20="Medium",2,IF(K20="Low",1,0)))) -> 1 | N20: 1 | O20: =IF(N20="",IF(I20="Closed Out",1,IF(I20="Complete",1,IF(I20="Approved",1,IF(I20="Reviewed",1,IF(I20="In Review",0.9,IF(I20="75% Complete",0.75,IF(I20="50% Complete",0.5,IF(I20="25% Complete",0.25,IF(I20="Started",0.25,0))))))))),MAX(IF(I20="Closed Out",1,IF(I20="Complete",1,IF(I20="Approved",1,IF(I20="Reviewed",1,IF(I20="In Review",0.9,IF(I20="75% Complete",0.75,IF(I20="50% Complete",0.5,IF(I20="25% Complete",0.25,IF(I20="Started",0.25,0))))))))),N20)) -> 1 | P20: =M20*O20 -> 1 | Q20: =IF(OR(I20="Closed Out",I20="Complete",I20="Approved",I20="Reviewed"),"Closed",IF(OR(I20="HOLD",I20="Pause"),"Blocked","Open")) -> Closed | R20: =IF(AND(Q20="Open",ISNUMBER(L20),L20<TODAY()),1,0) -> 0 | S20: 0 | V20: =IF(ISNUMBER(L20),"Q"&ROUNDUP(MONTH(L20)/3,0),IF(LEFT(TRIM(CLEAN(L20)),1)="Q","Q"&VALUE(RIGHT(TRIM(CLEAN(L20)),1)),"No Date")) -> Q2
A21: =IF(A20="Item #",1,A20+1) -> 20 | B21: Energy Standardization | C21: Electrical | D21: Grounding | E21: Procedure (Energy) | F21: Identify where KPE and OGC are different in procedures | G21: Oscar Handal | H21: Allen Douglas | I21: Closed Out | J21: Started 4/22 per Workshop Findings 06/23/2026 - Procedure template complete | K21: Critical | L21: 46150 | M21: =IF(K21="Critical",4,IF(K21="High",3,IF(K21="Medium",2,IF(K21="Low",1,0)))) -> 4 | N21: 1 | O21: =IF(N21="",IF(I21="Closed Out",1,IF(I21="Complete",1,IF(I21="Approved",1,IF(I21="Reviewed",1,IF(I21="In Review",0.9,IF(I21="75% Complete",0.75,IF(I21="50% Complete",0.5,IF(I21="25% Complete",0.25,IF(I21="Started",0.25,0))))))))),MAX(IF(I21="Closed Out",1,IF(I21="Complete",1,IF(I21="Approved",1,IF(I21="Reviewed",1,IF(I21="In Review",0.9,IF(I21="75% Complete",0.75,IF(I21="50% Complete",0.5,IF(I21="25% Complete",0.25,IF(I21="Started",0.25,0))))))))),N21)) -> 1 | P21: =M21*O21 -> 4 | Q21: =IF(OR(I21="Closed Out",I21="Complete",I21="Approved",I21="Reviewed"),"Closed",IF(OR(I21="HOLD",I21="Pause"),"Blocked","Open")) -> Closed | R21: =IF(AND(Q21="Open",ISNUMBER(L21),L21<TODAY()),1,0) -> 0 | S21: 0 | V21: =IF(ISNUMBER(L21),"Q"&ROUNDUP(MONTH(L21)/3,0),IF(LEFT(TRIM(CLEAN(L21)),1)="Q","Q"&VALUE(RIGHT(TRIM(CLEAN(L21)),1)),"No Date")) -> Q2
A22: =IF(A21="Item #",1,A21+1) -> 21 | B22: Energy Standardization | C22: Electrical | D22: Cable - General | E22: Procedure (Energy) | F22: Identify where KPE and OGC are different in procedures | G22: Tyler Reck | H22: Allen Douglas | I22: Not Started | K22: Critical | L22: 46199 | M22: =IF(K22="Critical",4,IF(K22="High",3,IF(K22="Medium",2,IF(K22="Low",1,0)))) -> 4 | N22: 0 | O22: =IF(N22="",IF(I22="Closed Out",1,IF(I22="Complete",1,IF(I22="Approved",1,IF(I22="Reviewed",1,IF(I22="In Review",0.9,IF(I22="75% Complete",0.75,IF(I22="50% Complete",0.5,IF(I22="25% Complete",0.25,IF(I22="Started",0.25,0))))))))),MAX(IF(I22="Closed Out",1,IF(I22="Complete",1,IF(I22="Approved",1,IF(I22="Reviewed",1,IF(I22="In Review",0.9,IF(I22="75% Complete",0.75,IF(I22="50% Complete",0.5,IF(I22="25% Complete",0.25,IF(I22="Started",0.25,0))))))))),N22)) -> 0 | P22: =M22*O22 -> 0 | Q22: =IF(OR(I22="Closed Out",I22="Complete",I22="Approved",I22="Reviewed"),"Closed",IF(OR(I22="HOLD",I22="Pause"),"Blocked","Open")) -> Open | R22: =IF(AND(Q22="Open",ISNUMBER(L22),L22<TODAY()),1,0) -> 1 | S22: 0 | V22: =IF(ISNUMBER(L22),"Q"&ROUNDUP(MONTH(L22)/3,0),IF(LEFT(TRIM(CLEAN(L22)),1)="Q","Q"&VALUE(RIGHT(TRIM(CLEAN(L22)),1)),"No Date")) -> Q2
A23: =IF(A22="Item #",1,A22+1) -> 22 | B23: Energy Standardization | C23: Electrical | D23: Raceway | E23: Procedure (Energy) | F23: Identify where KPE and OGC are different in procedures | G23: Oscar Handal | H23: Allen Douglas | I23: Closed Out | J23: 06/23/2026 - Procedure template complete | K23: Critical | L23: 46199 | M23: =IF(K23="Critical",4,IF(K23="High",3,IF(K23="Medium",2,IF(K23="Low",1,0)))) -> 4 | N23: 1 | O23: =IF(N23="",IF(I23="Closed Out",1,IF(I23="Complete",1,IF(I23="Approved",1,IF(I23="Reviewed",1,IF(I23="In Review",0.9,IF(I23="75% Complete",0.75,IF(I23="50% Complete",0.5,IF(I23="25% Complete",0.25,IF(I23="Started",0.25,0))))))))),MAX(IF(I23="Closed Out",1,IF(I23="Complete",1,IF(I23="Approved",1,IF(I23="Reviewed",1,IF(I23="In Review",0.9,IF(I23="75% Complete",0.75,IF(I23="50% Complete",0.5,IF(I23="25% Complete",0.25,IF(I23="Started",0.25,0))))))))),N23)) -> 1 | P23: =M23*O23 -> 4 | Q23: =IF(OR(I23="Closed Out",I23="Complete",I23="Approved",I23="Reviewed"),"Closed",IF(OR(I23="HOLD",I23="Pause"),"Blocked","Open")) -> Closed | R23: =IF(AND(Q23="Open",ISNUMBER(L23),L23<TODAY()),1,0) -> 0 | S23: 0 | V23: =IF(ISNUMBER(L23),"Q"&ROUNDUP(MONTH(L23)/3,0),IF(LEFT(TRIM(CLEAN(L23)),1)="Q","Q"&VALUE(RIGHT(TRIM(CLEAN(L23)),1)),"No Date")) -> Q2
A24: =IF(A23="Item #",1,A23+1) -> 23 | B24: Energy Standardization | C24: Electrical | D24: Lighting | E24: Procedure (Energy) | F24: Identify where KPE and OGC are different in procedures | G24: Rojna Ghamsari | H24: Allen Douglas | I24: Closed Out | K24: Critical | L24: 46199 | M24: =IF(K24="Critical",4,IF(K24="High",3,IF(K24="Medium",2,IF(K24="Low",1,0)))) -> 4 | N24: 1 | O24: =IF(N24="",IF(I24="Closed Out",1,IF(I24="Complete",1,IF(I24="Approved",1,IF(I24="Reviewed",1,IF(I24="In Review",0.9,IF(I24="75% Complete",0.75,IF(I24="50% Complete",0.5,IF(I24="25% Complete",0.25,IF(I24="Started",0.25,0))))))))),MAX(IF(I24="Closed Out",1,IF(I24="Complete",1,IF(I24="Approved",1,IF(I24="Reviewed",1,IF(I24="In Review",0.9,IF(I24="75% Complete",0.75,IF(I24="50% Complete",0.5,IF(I24="25% Complete",0.25,IF(I24="Started",0.25,0))))))))),N24)) -> 1 | P24: =M24*O24 -> 4 | Q24: =IF(OR(I24="Closed Out",I24="Complete",I24="Approved",I24="Reviewed"),"Closed",IF(OR(I24="HOLD",I24="Pause"),"Blocked","Open")) -> Closed | R24: =IF(AND(Q24="Open",ISNUMBER(L24),L24<TODAY()),1,0) -> 0 | S24: 0 | V24: =IF(ISNUMBER(L24),"Q"&ROUNDUP(MONTH(L24)/3,0),IF(LEFT(TRIM(CLEAN(L24)),1)="Q","Q"&VALUE(RIGHT(TRIM(CLEAN(L24)),1)),"No Date")) -> Q2
A25: =IF(A21="Item #",1,A21+1) -> 21 | B25: Energy Standardization | C25: Electrical | D25: Heat Trace | E25: Procedure (Energy) | F25: Identify where KPE and OGC are different in procedures | G25: Syed Ali | H25: Allen Douglas | I25: Closed Out | J25: 06/24/2026 - Procedure template complete | K25: Critical | L25: 46199 | M25: =IF(K25="Critical",4,IF(K25="High",3,IF(K25="Medium",2,IF(K25="Low",1,0)))) -> 4 | N25: 1 | O25: =IF(N25="",IF(I25="Closed Out",1,IF(I25="Complete",1,IF(I25="Approved",1,IF(I25="Reviewed",1,IF(I25="In Review",0.9,IF(I25="75% Complete",0.75,IF(I25="50% Complete",0.5,IF(I25="25% Complete",0.25,IF(I25="Started",0.25,0))))))))),MAX(IF(I25="Closed Out",1,IF(I25="Complete",1,IF(I25="Approved",1,IF(I25="Reviewed",1,IF(I25="In Review",0.9,IF(I25="75% Complete",0.75,IF(I25="50% Complete",0.5,IF(I25="25% Complete",0.25,IF(I25="Started",0.25,0))))))))),N25)) -> 1 | P25: =M25*O25 -> 4 | Q25: =IF(OR(I25="Closed Out",I25="Complete",I25="Approved",I25="Reviewed"),"Closed",IF(OR(I25="HOLD",I25="Pause"),"Blocked","Open")) -> Closed | R25: =IF(AND(Q25="Open",ISNUMBER(L25),L25<TODAY()),1,0) -> 0 | S25: 0 | V25: =IF(ISNUMBER(L25),"Q"&ROUNDUP(MONTH(L25)/3,0),IF(LEFT(TRIM(CLEAN(L25)),1)="Q","Q"&VALUE(RIGHT(TRIM(CLEAN(L25)),1)),"No Date")) -> Q2
A26: =IF(A25="Item #",1,A25+1) -> 22 | B26: Energy Standardization | C26: Electrical | D26: Lightning Protection | E26: Procedure (Energy) | F26: Identify where KPE and OGC are different in procedures | G26: Ahmad Yakuba | H26: Allen Douglas | I26: Not Started | K26: Critical | L26: 46199 | M26: =IF(K26="Critical",4,IF(K26="High",3,IF(K26="Medium",2,IF(K26="Low",1,0)))) -> 4 | N26: 0 | O26: =IF(N26="",IF(I26="Closed Out",1,IF(I26="Complete",1,IF(I26="Approved",1,IF(I26="Reviewed",1,IF(I26="In Review",0.9,IF(I26="75% Complete",0.75,IF(I26="50% Complete",0.5,IF(I26="25% Complete",0.25,IF(I26="Started",0.25,0))))))))),MAX(IF(I26="Closed Out",1,IF(I26="Complete",1,IF(I26="Approved",1,IF(I26="Reviewed",1,IF(I26="In Review",0.9,IF(I26="75% Complete",0.75,IF(I26="50% Complete",0.5,IF(I26="25% Complete",0.25,IF(I26="Started",0.25,0))))))))),N26)) -> 0 | P26: =M26*O26 -> 0 | Q26: =IF(OR(I26="Closed Out",I26="Complete",I26="Approved",I26="Reviewed"),"Closed",IF(OR(I26="HOLD",I26="Pause"),"Blocked","Open")) -> Open | R26: =IF(AND(Q26="Open",ISNUMBER(L26),L26<TODAY()),1,0) -> 1 | S26: 0 | V26: =IF(ISNUMBER(L26),"Q"&ROUNDUP(MONTH(L26)/3,0),IF(LEFT(TRIM(CLEAN(L26)),1)="Q","Q"&VALUE(RIGHT(TRIM(CLEAN(L26)),1)),"No Date")) -> Q2
A27: =IF(A26="Item #",1,A26+1) -> 23 | B27: Energy Standardization | C27: Electrical | D27: Cathodic Protection | E27: Procedure (Energy) | F27: Identify where KPE and OGC are different in procedures | G27: Ahmad Yakuba | H27: Allen Douglas | I27: Not Started | K27: Critical | L27: 46199 | M27: =IF(K27="Critical",4,IF(K27="High",3,IF(K27="Medium",2,IF(K27="Low",1,0)))) -> 4 | N27: 0 | O27: =IF(N27="",IF(I27="Closed Out",1,IF(I27="Complete",1,IF(I27="Approved",1,IF(I27="Reviewed",1,IF(I27="In Review",0.9,IF(I27="75% Complete",0.75,IF(I27="50% Complete",0.5,IF(I27="25% Complete",0.25,IF(I27="Started",0.25,0))))))))),MAX(IF(I27="Closed Out",1,IF(I27="Complete",1,IF(I27="Approved",1,IF(I27="Reviewed",1,IF(I27="In Review",0.9,IF(I27="75% Complete",0.75,IF(I27="50% Complete",0.5,IF(I27="25% Complete",0.25,IF(I27="Started",0.25,0))))))))),N27)) -> 0 | P27: =M27*O27 -> 0 | Q27: =IF(OR(I27="Closed Out",I27="Complete",I27="Approved",I27="Reviewed"),"Closed",IF(OR(I27="HOLD",I27="Pause"),"Blocked","Open")) -> Open | R27: =IF(AND(Q27="Open",ISNUMBER(L27),L27<TODAY()),1,0) -> 1 | S27: 0 | V27: =IF(ISNUMBER(L27),"Q"&ROUNDUP(MONTH(L27)/3,0),IF(LEFT(TRIM(CLEAN(L27)),1)="Q","Q"&VALUE(RIGHT(TRIM(CLEAN(L27)),1)),"No Date")) -> Q2
A28: =IF(A27="Item #",1,A27+1) -> 24 | B28: Energy Standardization | C28: Electrical | D28: Temporary Power | E28: Procedure (Energy) | F28: Identify where KPE and OGC are different in procedures | G28: Syed Ali | H28: Allen Douglas | I28: Closed Out | J28: 06/24/2026 - Procedure template complete | K28: Critical | L28: 46199 | M28: =IF(K28="Critical",4,IF(K28="High",3,IF(K28="Medium",2,IF(K28="Low",1,0)))) -> 4 | N28: 1 | O28: =IF(N28="",IF(I28="Closed Out",1,IF(I28="Complete",1,IF(I28="Approved",1,IF(I28="Reviewed",1,IF(I28="In Review",0.9,IF(I28="75% Complete",0.75,IF(I28="50% Complete",0.5,IF(I28="25% Complete",0.25,IF(I28="Started",0.25,0))))))))),MAX(IF(I28="Closed Out",1,IF(I28="Complete",1,IF(I28="Approved",1,IF(I28="Reviewed",1,IF(I28="In Review",0.9,IF(I28="75% Complete",0.75,IF(I28="50% Complete",0.5,IF(I28="25% Complete",0.25,IF(I28="Started",0.25,0))))))))),N28)) -> 1 | P28: =M28*O28 -> 4 | Q28: =IF(OR(I28="Closed Out",I28="Complete",I28="Approved",I28="Reviewed"),"Closed",IF(OR(I28="HOLD",I28="Pause"),"Blocked","Open")) -> Closed | R28: =IF(AND(Q28="Open",ISNUMBER(L28),L28<TODAY()),1,0) -> 0 | S28: 0 | V28: =IF(ISNUMBER(L28),"Q"&ROUNDUP(MONTH(L28)/3,0),IF(LEFT(TRIM(CLEAN(L28)),1)="Q","Q"&VALUE(RIGHT(TRIM(CLEAN(L28)),1)),"No Date")) -> Q2
A29: =IF(A28="Item #",1,A28+1) -> 25 | B29: Energy Standardization | C29: Electrical | D29: Fire Safety System | E29: Procedure (Energy) | F29: Identify where KPE and OGC are different in procedures | G29: Keshika Nath Varma | H29: Allen Douglas | I29: Closed Out | K29: Critical | L29: 46199 | M29: =IF(K29="Critical",4,IF(K29="High",3,IF(K29="Medium",2,IF(K29="Low",1,0)))) -> 4 | N29: 1 | O29: =IF(N29="",IF(I29="Closed Out",1,IF(I29="Complete",1,IF(I29="Approved",1,IF(I29="Reviewed",1,IF(I29="In Review",0.9,IF(I29="75% Complete",0.75,IF(I29="50% Complete",0.5,IF(I29="25% Complete",0.25,IF(I29="Started",0.25,0))))))))),MAX(IF(I29="Closed Out",1,IF(I29="Complete",1,IF(I29="Approved",1,IF(I29="Reviewed",1,IF(I29="In Review",0.9,IF(I29="75% Complete",0.75,IF(I29="50% Complete",0.5,IF(I29="25% Complete",0.25,IF(I29="Started",0.25,0))))))))),N29)) -> 1 | P29: =M29*O29 -> 4 | Q29: =IF(OR(I29="Closed Out",I29="Complete",I29="Approved",I29="Reviewed"),"Closed",IF(OR(I29="HOLD",I29="Pause"),"Blocked","Open")) -> Closed | R29: =IF(AND(Q29="Open",ISNUMBER(L29),L29<TODAY()),1,0) -> 0 | S29: 0 | V29: =IF(ISNUMBER(L29),"Q"&ROUNDUP(MONTH(L29)/3,0),IF(LEFT(TRIM(CLEAN(L29)),1)="Q","Q"&VALUE(RIGHT(TRIM(CLEAN(L29)),1)),"No Date")) -> Q2
A30: =IF(A21="Item #",1,A21+1) -> 21 | B30: Energy Standardization | C30: Electrical | D30: Instrumentation | E30: Procedure (Energy) | F30: Identify where KPE and OGC are different in procedures | G30: Keshika Nath Varma | H30: Allen Douglas | I30: Closed Out | K30: Critical | L30: 46199 | M30: =IF(K30="Critical",4,IF(K30="High",3,IF(K30="Medium",2,IF(K30="Low",1,0)))) -> 4 | N30: 1 | O30: =IF(N30="",IF(I30="Closed Out",1,IF(I30="Complete",1,IF(I30="Approved",1,IF(I30="Reviewed",1,IF(I30="In Review",0.9,IF(I30="75% Complete",0.75,IF(I30="50% Complete",0.5,IF(I30="25% Complete",0.25,IF(I30="Started",0.25,0))))))))),MAX(IF(I30="Closed Out",1,IF(I30="Complete",1,IF(I30="Approved",1,IF(I30="Reviewed",1,IF(I30="In Review",0.9,IF(I30="75% Complete",0.75,IF(I30="50% Complete",0.5,IF(I30="25% Complete",0.25,IF(I30="Started",0.25,0))))))))),N30)) -> 1 | P30: =M30*O30 -> 4 | Q30: =IF(OR(I30="Closed Out",I30="Complete",I30="Approved",I30="Reviewed"),"Closed",IF(OR(I30="HOLD",I30="Pause"),"Blocked","Open")) -> Closed | R30: =IF(AND(Q30="Open",ISNUMBER(L30),L30<TODAY()),1,0) -> 0 | S30: 0 | V30: =IF(ISNUMBER(L30),"Q"&ROUNDUP(MONTH(L30)/3,0),IF(LEFT(TRIM(CLEAN(L30)),1)="Q","Q"&VALUE(RIGHT(TRIM(CLEAN(L30)),1)),"No Date")) -> Q2
A31: =IF(A30="Item #",1,A30+1) -> 22 | B31: Energy Standardization | C31: Electrical | D31: Control Systems | E31: Procedure (Energy) | F31: Identify where KPE and OGC are different in procedures | G31: Ahmed Sherif | H31: Allen Douglas | I31: Closed Out | K31: Critical | L31: 46199 | M31: =IF(K31="Critical",4,IF(K31="High",3,IF(K31="Medium",2,IF(K31="Low",1,0)))) -> 4 | N31: 1 | O31: =IF(N31="",IF(I31="Closed Out",1,IF(I31="Complete",1,IF(I31="Approved",1,IF(I31="Reviewed",1,IF(I31="In Review",0.9,IF(I31="75% Complete",0.75,IF(I31="50% Complete",0.5,IF(I31="25% Complete",0.25,IF(I31="Started",0.25,0))))))))),MAX(IF(I31="Closed Out",1,IF(I31="Complete",1,IF(I31="Approved",1,IF(I31="Reviewed",1,IF(I31="In Review",0.9,IF(I31="75% Complete",0.75,IF(I31="50% Complete",0.5,IF(I31="25% Complete",0.25,IF(I31="Started",0.25,0))))))))),N31)) -> 1 | P31: =M31*O31 -> 4 | Q31: =IF(OR(I31="Closed Out",I31="Complete",I31="Approved",I31="Reviewed"),"Closed",IF(OR(I31="HOLD",I31="Pause"),"Blocked","Open")) -> Closed | R31: =IF(AND(Q31="Open",ISNUMBER(L31),L31<TODAY()),1,0) -> 0 | S31: 0 | V31: =IF(ISNUMBER(L31),"Q"&ROUNDUP(MONTH(L31)/3,0),IF(LEFT(TRIM(CLEAN(L31)),1)="Q","Q"&VALUE(RIGHT(TRIM(CLEAN(L31)),1)),"No Date")) -> Q2
A32: =IF(A31="Item #",1,A31+1) -> 23 | B32: Energy Standardization | C32: Electrical | D32: Telecoms | E32: Procedure (Energy) | F32: Identify where KPE and OGC are different in procedures | G32: Rasheed Oduro | H32: Allen Douglas | I32: Closed Out | J32: 06/22/2026 - Procedure template complete | K32: Critical | L32: 46150 | M32: =IF(K32="Critical",4,IF(K32="High",3,IF(K32="Medium",2,IF(K32="Low",1,0)))) -> 4 | N32: 1 | O32: =IF(N32="",IF(I32="Closed Out",1,IF(I32="Complete",1,IF(I32="Approved",1,IF(I32="Reviewed",1,IF(I32="In Review",0.9,IF(I32="75% Complete",0.75,IF(I32="50% Complete",0.5,IF(I32="25% Complete",0.25,IF(I32="Started",0.25,0))))))))),MAX(IF(I32="Closed Out",1,IF(I32="Complete",1,IF(I32="Approved",1,IF(I32="Reviewed",1,IF(I32="In Review",0.9,IF(I32="75% Complete",0.75,IF(I32="50% Complete",0.5,IF(I32="25% Complete",0.25,IF(I32="Started",0.25,0))))))))),N32)) -> 1 | P32: =M32*O32 -> 4 | Q32: =IF(OR(I32="Closed Out",I32="Complete",I32="Approved",I32="Reviewed"),"Closed",IF(OR(I32="HOLD",I32="Pause"),"Blocked","Open")) -> Closed | R32: =IF(AND(Q32="Open",ISNUMBER(L32),L32<TODAY()),1,0) -> 0 | S32: 0 | V32: =IF(ISNUMBER(L32),"Q"&ROUNDUP(MONTH(L32)/3,0),IF(LEFT(TRIM(CLEAN(L32)),1)="Q","Q"&VALUE(RIGHT(TRIM(CLEAN(L32)),1)),"No Date")) -> Q2
A33: =IF(A32="Item #",1,A32+1) -> 24 | B33: Energy Standardization | C33: Electrical | D33: Security | E33: Procedure (Energy) | F33: Identify where KPE and OGC are different in procedures | G33: Rasheed Oduro | H33: Allen Douglas | I33: Closed Out | J33: 06/22/2026 - Procedure template complete | K33: Critical | L33: 46150 | M33: =IF(K33="Critical",4,IF(K33="High",3,IF(K33="Medium",2,IF(K33="Low",1,0)))) -> 4 | N33: 1 | O33: =IF(N33="",IF(I33="Closed Out",1,IF(I33="Complete",1,IF(I33="Approved",1,IF(I33="Reviewed",1,IF(I33="In Review",0.9,IF(I33="75% Complete",0.75,IF(I33="50% Complete",0.5,IF(I33="25% Complete",0.25,IF(I33="Started",0.25,0))))))))),MAX(IF(I33="Closed Out",1,IF(I33="Complete",1,IF(I33="Approved",1,IF(I33="Reviewed",1,IF(I33="In Review",0.9,IF(I33="75% Complete",0.75,IF(I33="50% Complete",0.5,IF(I33="25% Complete",0.25,IF(I33="Started",0.25,0))))))))),N33)) -> 1 | P33: =M33*O33 -> 4 | Q33: =IF(OR(I33="Closed Out",I33="Complete",I33="Approved",I33="Reviewed"),"Closed",IF(OR(I33="HOLD",I33="Pause"),"Blocked","Open")) -> Closed | R33: =IF(AND(Q33="Open",ISNUMBER(L33),L33<TODAY()),1,0) -> 0 | S33: 0 | V33: =IF(ISNUMBER(L33),"Q"&ROUNDUP(MONTH(L33)/3,0),IF(LEFT(TRIM(CLEAN(L33)),1)="Q","Q"&VALUE(RIGHT(TRIM(CLEAN(L33)),1)),"No Date")) -> Q2
A34: =IF(A33="Item #",1,A33+1) -> 25 | B34: Energy Standardization | C34: Electrical | D34: Facility Equipment | E34: Procedure (Energy) | F34: Created template procedure for equipment & devices takeoff | G34: Dilan Centeno | H34: Ali Malik | I34: Not Started | K34: Critical | L34: Q2 | M34: =IF(K34="Critical",4,IF(K34="High",3,IF(K34="Medium",2,IF(K34="Low",1,0)))) -> 4 | N34: 0 | O34: =IF(N34="",IF(I34="Closed Out",1,IF(I34="Complete",1,IF(I34="Approved",1,IF(I34="Reviewed",1,IF(I34="In Review",0.9,IF(I34="75% Complete",0.75,IF(I34="50% Complete",0.5,IF(I34="25% Complete",0.25,IF(I34="Started",0.25,0))))))))),MAX(IF(I34="Closed Out",1,IF(I34="Complete",1,IF(I34="Approved",1,IF(I34="Reviewed",1,IF(I34="In Review",0.9,IF(I34="75% Complete",0.75,IF(I34="50% Complete",0.5,IF(I34="25% Complete",0.25,IF(I34="Started",0.25,0))))))))),N34)) -> 0 | P34: =M34*O34 -> 0 | Q34: =IF(OR(I34="Closed Out",I34="Complete",I34="Approved",I34="Reviewed"),"Closed",IF(OR(I34="HOLD",I34="Pause"),"Blocked","Open")) -> Open | R34: =IF(AND(Q34="Open",ISNUMBER(L34),L34<TODAY()),1,0) -> 0 | S34: 0 | V34: =IF(ISNUMBER(L34),"Q"&ROUNDUP(MONTH(L34)/3,0),IF(LEFT(TRIM(CLEAN(L34)),1)="Q","Q"&VALUE(RIGHT(TRIM(CLEAN(L34)),1)),"No Date")) -> Q2
A35: =IF(A21="Item #",1,A21+1) -> 21 | B35: Energy Standardization | C35: Electrical | D35: Equipment and Devices | E35: Procedure (Energy) | F35: Created template procedure for equipment & devices takeoff | G35: Dilan Centeno | H35: Ali Malik | I35: Closed Out | J35: Procedure template reviewed and completed (6/26) | K35: Critical | L35: Q2 | M35: =IF(K35="Critical",4,IF(K35="High",3,IF(K35="Medium",2,IF(K35="Low",1,0)))) -> 4 | N35: 1 | O35: =IF(N35="",IF(I35="Closed Out",1,IF(I35="Complete",1,IF(I35="Approved",1,IF(I35="Reviewed",1,IF(I35="In Review",0.9,IF(I35="75% Complete",0.75,IF(I35="50% Complete",0.5,IF(I35="25% Complete",0.25,IF(I35="Started",0.25,0))))))))),MAX(IF(I35="Closed Out",1,IF(I35="Complete",1,IF(I35="Approved",1,IF(I35="Reviewed",1,IF(I35="In Review",0.9,IF(I35="75% Complete",0.75,IF(I35="50% Complete",0.5,IF(I35="25% Complete",0.25,IF(I35="Started",0.25,0))))))))),N35)) -> 1 | P35: =M35*O35 -> 4 | Q35: =IF(OR(I35="Closed Out",I35="Complete",I35="Approved",I35="Reviewed"),"Closed",IF(OR(I35="HOLD",I35="Pause"),"Blocked","Open")) -> Closed | R35: =IF(AND(Q35="Open",ISNUMBER(L35),L35<TODAY()),1,0) -> 0 | S35: 0 | V35: =IF(ISNUMBER(L35),"Q"&ROUNDUP(MONTH(L35)/3,0),IF(LEFT(TRIM(CLEAN(L35)),1)="Q","Q"&VALUE(RIGHT(TRIM(CLEAN(L35)),1)),"No Date")) -> Q2
A36: =IF(A21="Item #",1,A21+1) -> 21 | B36: Consistency Workshop | C36: Electrical | D36: Lighting | E36: ADAPT - Assemblies / KIDs | F36: Align ADAPT with KOE Installation Details (follow Grounding method) | G36: Oscar Handal | H36: Allen Douglas | I36: 25% Complete | J36: Requires the completion of Grounding as a go-by 06/25/2026 - Started Task parallel to grounding | K36: High | L36: Q3 | M36: =IF(K36="Critical",4,IF(K36="High",3,IF(K36="Medium",2,IF(K36="Low",1,0)))) -> 3 | N36: 0.3 | O36: =IF(N36="",IF(I36="Closed Out",1,IF(I36="Complete",1,IF(I36="Approved",1,IF(I36="Reviewed",1,IF(I36="In Review",0.9,IF(I36="75% Complete",0.75,IF(I36="50% Complete",0.5,IF(I36="25% Complete",0.25,IF(I36="Started",0.25,0))))))))),MAX(IF(I36="Closed Out",1,IF(I36="Complete",1,IF(I36="Approved",1,IF(I36="Reviewed",1,IF(I36="In Review",0.9,IF(I36="75% Complete",0.75,IF(I36="50% Complete",0.5,IF(I36="25% Complete",0.25,IF(I36="Started",0.25,0))))))))),N36)) -> 0.3 | P36: =M36*O36 -> 0.9 | Q36: =IF(OR(I36="Closed Out",I36="Complete",I36="Approved",I36="Reviewed"),"Closed",IF(OR(I36="HOLD",I36="Pause"),"Blocked","Open")) -> Open | R36: =IF(AND(Q36="Open",ISNUMBER(L36),L36<TODAY()),1,0) -> 0 | S36: 0 | V36: =IF(ISNUMBER(L36),"Q"&ROUNDUP(MONTH(L36)/3,0),IF(LEFT(TRIM(CLEAN(L36)),1)="Q","Q"&VALUE(RIGHT(TRIM(CLEAN(L36)),1)),"No Date")) -> Q3
A37: =IF(A36="Item #",1,A36+1) -> 22 | B37: Consistency Workshop | C37: Electrical | D37: Cable Tray | E37: ADAPT - Assemblies / KIDs | F37: Align ADAPT with KOE Installation Details (follow Grounding method) | G37: Available | I37: HOLD | J37: Requires the completion of Grounding as a go-by | K37: High | M37: =IF(K37="Critical",4,IF(K37="High",3,IF(K37="Medium",2,IF(K37="Low",1,0)))) -> 3 | N37: 0 | O37: =IF(N37="",IF(I37="Closed Out",1,IF(I37="Complete",1,IF(I37="Approved",1,IF(I37="Reviewed",1,IF(I37="In Review",0.9,IF(I37="75% Complete",0.75,IF(I37="50% Complete",0.5,IF(I37="25% Complete",0.25,IF(I37="Started",0.25,0))))))))),MAX(IF(I37="Closed Out",1,IF(I37="Complete",1,IF(I37="Approved",1,IF(I37="Reviewed",1,IF(I37="In Review",0.9,IF(I37="75% Complete",0.75,IF(I37="50% Complete",0.5,IF(I37="25% Complete",0.25,IF(I37="Started",0.25,0))))))))),N37)) -> 0 | P37: =M37*O37 -> 0 | Q37: =IF(OR(I37="Closed Out",I37="Complete",I37="Approved",I37="Reviewed"),"Closed",IF(OR(I37="HOLD",I37="Pause"),"Blocked","Open")) -> Blocked | R37: =IF(AND(Q37="Open",ISNUMBER(L37),L37<TODAY()),1,0) -> 0 | S37: 0 | V37: =IF(ISNUMBER(L37),"Q"&ROUNDUP(MONTH(L37)/3,0),IF(LEFT(TRIM(CLEAN(L37)),1)="Q","Q"&VALUE(RIGHT(TRIM(CLEAN(L37)),1)),"No Date")) -> No Date
A38: =IF(A37="Item #",1,A37+1) -> 23 | B38: Consistency Workshop | C38: Electrical | D38: Conduit | E38: ADAPT - Assemblies / KIDs | F38: Align ADAPT with KOE Installation Details (follow Grounding method) | G38: Available | I38: HOLD | J38: Requires the completion of Grounding as a go-by | K38: High | M38: =IF(K38="Critical",4,IF(K38="High",3,IF(K38="Medium",2,IF(K38="Low",1,0)))) -> 3 | N38: 0 | O38: =IF(N38="",IF(I38="Closed Out",1,IF(I38="Complete",1,IF(I38="Approved",1,IF(I38="Reviewed",1,IF(I38="In Review",0.9,IF(I38="75% Complete",0.75,IF(I38="50% Complete",0.5,IF(I38="25% Complete",0.25,IF(I38="Started",0.25,0))))))))),MAX(IF(I38="Closed Out",1,IF(I38="Complete",1,IF(I38="Approved",1,IF(I38="Reviewed",1,IF(I38="In Review",0.9,IF(I38="75% Complete",0.75,IF(I38="50% Complete",0.5,IF(I38="25% Complete",0.25,IF(I38="Started",0.25,0))))))))),N38)) -> 0 | P38: =M38*O38 -> 0 | Q38: =IF(OR(I38="Closed Out",I38="Complete",I38="Approved",I38="Reviewed"),"Closed",IF(OR(I38="HOLD",I38="Pause"),"Blocked","Open")) -> Blocked | R38: =IF(AND(Q38="Open",ISNUMBER(L38),L38<TODAY()),1,0) -> 0 | S38: 0 | V38: =IF(ISNUMBER(L38),"Q"&ROUNDUP(MONTH(L38)/3,0),IF(LEFT(TRIM(CLEAN(L38)),1)="Q","Q"&VALUE(RIGHT(TRIM(CLEAN(L38)),1)),"No Date")) -> No Date
A39: =IF(A38="Item #",1,A38+1) -> 24 | B39: Consistency Workshop | C39: Electrical | D39: Channel Tray | E39: ADAPT - Assemblies / KIDs | F39: Align ADAPT with KOE Installation Details (follow Grounding method) | G39: Available | I39: HOLD | J39: Requires the completion of Grounding as a go-by | K39: High | M39: =IF(K39="Critical",4,IF(K39="High",3,IF(K39="Medium",2,IF(K39="Low",1,0)))) -> 3 | N39: 0 | O39: =IF(N39="",IF(I39="Closed Out",1,IF(I39="Complete",1,IF(I39="Approved",1,IF(I39="Reviewed",1,IF(I39="In Review",0.9,IF(I39="75% Complete",0.75,IF(I39="50% Complete",0.5,IF(I39="25% Complete",0.25,IF(I39="Started",0.25,0))))))))),MAX(IF(I39="Closed Out",1,IF(I39="Complete",1,IF(I39="Approved",1,IF(I39="Reviewed",1,IF(I39="In Review",0.9,IF(I39="75% Complete",0.75,IF(I39="50% Complete",0.5,IF(I39="25% Complete",0.25,IF(I39="Started",0.25,0))))))))),N39)) -> 0 | P39: =M39*O39 -> 0 | Q39: =IF(OR(I39="Closed Out",I39="Complete",I39="Approved",I39="Reviewed"),"Closed",IF(OR(I39="HOLD",I39="Pause"),"Blocked","Open")) -> Blocked | R39: =IF(AND(Q39="Open",ISNUMBER(L39),L39<TODAY()),1,0) -> 0 | S39: 0 | V39: =IF(ISNUMBER(L39),"Q"&ROUNDUP(MONTH(L39)/3,0),IF(LEFT(TRIM(CLEAN(L39)),1)="Q","Q"&VALUE(RIGHT(TRIM(CLEAN(L39)),1)),"No Date")) -> No Date
A40: =IF(A39="Item #",1,A39+1) -> 25 | B40: Consistency Workshop | C40: Electrical | D40: DuctBank | E40: ADAPT - Assemblies / KIDs | F40: Align ADAPT with KOE Installation Details (follow Grounding method) | G40: Available | I40: HOLD | J40: Requires the completion of Grounding as a go-by | K40: High | M40: =IF(K40="Critical",4,IF(K40="High",3,IF(K40="Medium",2,IF(K40="Low",1,0)))) -> 3 | N40: 0 | O40: =IF(N40="",IF(I40="Closed Out",1,IF(I40="Complete",1,IF(I40="Approved",1,IF(I40="Reviewed",1,IF(I40="In Review",0.9,IF(I40="75% Complete",0.75,IF(I40="50% Complete",0.5,IF(I40="25% Complete",0.25,IF(I40="Started",0.25,0))))))))),MAX(IF(I40="Closed Out",1,IF(I40="Complete",1,IF(I40="Approved",1,IF(I40="Reviewed",1,IF(I40="In Review",0.9,IF(I40="75% Complete",0.75,IF(I40="50% Complete",0.5,IF(I40="25% Complete",0.25,IF(I40="Started",0.25,0))))))))),N40)) -> 0 | P40: =M40*O40 -> 0 | Q40: =IF(OR(I40="Closed Out",I40="Complete",I40="Approved",I40="Reviewed"),"Closed",IF(OR(I40="HOLD",I40="Pause"),"Blocked","Open")) -> Blocked | R40: =IF(AND(Q40="Open",ISNUMBER(L40),L40<TODAY()),1,0) -> 0 | S40: 0 | V40: =IF(ISNUMBER(L40),"Q"&ROUNDUP(MONTH(L40)/3,0),IF(LEFT(TRIM(CLEAN(L40)),1)="Q","Q"&VALUE(RIGHT(TRIM(CLEAN(L40)),1)),"No Date")) -> No Date
A41: =IF(A40="Item #",1,A40+1) -> 26 | B41: Consistency Workshop | C41: Electrical | D41: Heat Trace | E41: ADAPT - Assemblies / KIDs | F41: Align ADAPT with KOE Installation Details (follow Grounding method) | G41: Available | I41: HOLD | J41: Requires the completion of Grounding as a go-by | K41: High | M41: =IF(K41="Critical",4,IF(K41="High",3,IF(K41="Medium",2,IF(K41="Low",1,0)))) -> 3 | N41: 0 | O41: =IF(N41="",IF(I41="Closed Out",1,IF(I41="Complete",1,IF(I41="Approved",1,IF(I41="Reviewed",1,IF(I41="In Review",0.9,IF(I41="75% Complete",0.75,IF(I41="50% Complete",0.5,IF(I41="25% Complete",0.25,IF(I41="Started",0.25,0))))))))),MAX(IF(I41="Closed Out",1,IF(I41="Complete",1,IF(I41="Approved",1,IF(I41="Reviewed",1,IF(I41="In Review",0.9,IF(I41="75% Complete",0.75,IF(I41="50% Complete",0.5,IF(I41="25% Complete",0.25,IF(I41="Started",0.25,0))))))))),N41)) -> 0 | P41: =M41*O41 -> 0 | Q41: =IF(OR(I41="Closed Out",I41="Complete",I41="Approved",I41="Reviewed"),"Closed",IF(OR(I41="HOLD",I41="Pause"),"Blocked","Open")) -> Blocked | R41: =IF(AND(Q41="Open",ISNUMBER(L41),L41<TODAY()),1,0) -> 0 | S41: 0 | V41: =IF(ISNUMBER(L41),"Q"&ROUNDUP(MONTH(L41)/3,0),IF(LEFT(TRIM(CLEAN(L41)),1)="Q","Q"&VALUE(RIGHT(TRIM(CLEAN(L41)),1)),"No Date")) -> No Date
A42: =IF(A41="Item #",1,A41+1) -> 27 | B42: Consistency Workshop | C42: Electrical | D42: Lightning Protection | E42: ADAPT - Assemblies / KIDs | F42: Align ADAPT with KOE Installation Details (follow Grounding method) | G42: Rasheed Oduro | I42: HOLD | J42: Requires the completion of Grounding as a go-by 6/19 - Located Masts and Catenary Masts drawing details for assemblies 6/22 - Acquired data from KNS parts list drawing E11065-­F-­5101 6/23 - Pause due to contingencies on grounding | K42: High | M42: =IF(K42="Critical",4,IF(K42="High",3,IF(K42="Medium",2,IF(K42="Low",1,0)))) -> 3 | N42: 0.2 | O42: =IF(N42="",IF(I42="Closed Out",1,IF(I42="Complete",1,IF(I42="Approved",1,IF(I42="Reviewed",1,IF(I42="In Review",0.9,IF(I42="75% Complete",0.75,IF(I42="50% Complete",0.5,IF(I42="25% Complete",0.25,IF(I42="Started",0.25,0))))))))),MAX(IF(I42="Closed Out",1,IF(I42="Complete",1,IF(I42="Approved",1,IF(I42="Reviewed",1,IF(I42="In Review",0.9,IF(I42="75% Complete",0.75,IF(I42="50% Complete",0.5,IF(I42="25% Complete",0.25,IF(I42="Started",0.25,0))))))))),N42)) -> 0.2 | P42: =M42*O42 -> 0.6 | Q42: =IF(OR(I42="Closed Out",I42="Complete",I42="Approved",I42="Reviewed"),"Closed",IF(OR(I42="HOLD",I42="Pause"),"Blocked","Open")) -> Blocked | R42: =IF(AND(Q42="Open",ISNUMBER(L42),L42<TODAY()),1,0) -> 0 | S42: 0 | V42: =IF(ISNUMBER(L42),"Q"&ROUNDUP(MONTH(L42)/3,0),IF(LEFT(TRIM(CLEAN(L42)),1)="Q","Q"&VALUE(RIGHT(TRIM(CLEAN(L42)),1)),"No Date")) -> No Date
A43: =IF(A42="Item #",1,A42+1) -> 28 | B43: Consistency Workshop | C43: Electrical | D43: Receptacle-120V | E43: ADAPT - Assemblies / KIDs | F43: Align ADAPT with KOE Installation Details (follow Grounding method) | G43: Available | I43: HOLD | J43: Requires the completion of Grounding as a go-by | K43: High | M43: =IF(K43="Critical",4,IF(K43="High",3,IF(K43="Medium",2,IF(K43="Low",1,0)))) -> 3 | N43: 0 | O43: =IF(N43="",IF(I43="Closed Out",1,IF(I43="Complete",1,IF(I43="Approved",1,IF(I43="Reviewed",1,IF(I43="In Review",0.9,IF(I43="75% Complete",0.75,IF(I43="50% Complete",0.5,IF(I43="25% Complete",0.25,IF(I43="Started",0.25,0))))))))),MAX(IF(I43="Closed Out",1,IF(I43="Complete",1,IF(I43="Approved",1,IF(I43="Reviewed",1,IF(I43="In Review",0.9,IF(I43="75% Complete",0.75,IF(I43="50% Complete",0.5,IF(I43="25% Complete",0.25,IF(I43="Started",0.25,0))))))))),N43)) -> 0 | P43: =M43*O43 -> 0 | Q43: =IF(OR(I43="Closed Out",I43="Complete",I43="Approved",I43="Reviewed"),"Closed",IF(OR(I43="HOLD",I43="Pause"),"Blocked","Open")) -> Blocked | R43: =IF(AND(Q43="Open",ISNUMBER(L43),L43<TODAY()),1,0) -> 0 | S43: 0 | V43: =IF(ISNUMBER(L43),"Q"&ROUNDUP(MONTH(L43)/3,0),IF(LEFT(TRIM(CLEAN(L43)),1)="Q","Q"&VALUE(RIGHT(TRIM(CLEAN(L43)),1)),"No Date")) -> No Date
A44: =IF(A43="Item #",1,A43+1) -> 29 | B44: Consistency Workshop | C44: Electrical | D44: Receptacle-480V | E44: ADAPT - Assemblies / KIDs | F44: Align ADAPT with KOE Installation Details (follow Grounding method) | G44: Available | I44: HOLD | J44: Requires the completion of Grounding as a go-by | K44: High | M44: =IF(K44="Critical",4,IF(K44="High",3,IF(K44="Medium",2,IF(K44="Low",1,0)))) -> 3 | N44: 0 | O44: =IF(N44="",IF(I44="Closed Out",1,IF(I44="Complete",1,IF(I44="Approved",1,IF(I44="Reviewed",1,IF(I44="In Review",0.9,IF(I44="75% Complete",0.75,IF(I44="50% Complete",0.5,IF(I44="25% Complete",0.25,IF(I44="Started",0.25,0))))))))),MAX(IF(I44="Closed Out",1,IF(I44="Complete",1,IF(I44="Approved",1,IF(I44="Reviewed",1,IF(I44="In Review",0.9,IF(I44="75% Complete",0.75,IF(I44="50% Complete",0.5,IF(I44="25% Complete",0.25,IF(I44="Started",0.25,0))))))))),N44)) -> 0 | P44: =M44*O44 -> 0 | Q44: =IF(OR(I44="Closed Out",I44="Complete",I44="Approved",I44="Reviewed"),"Closed",IF(OR(I44="HOLD",I44="Pause"),"Blocked","Open")) -> Blocked | R44: =IF(AND(Q44="Open",ISNUMBER(L44),L44<TODAY()),1,0) -> 0 | S44: 0 | V44: =IF(ISNUMBER(L44),"Q"&ROUNDUP(MONTH(L44)/3,0),IF(LEFT(TRIM(CLEAN(L44)),1)="Q","Q"&VALUE(RIGHT(TRIM(CLEAN(L44)),1)),"No Date")) -> No Date
A45: =IF(A44="Item #",1,A44+1) -> 30 | B45: Consistency Workshop | C45: Electrical | D45: Temporary Power | E45: ADAPT - Assemblies / KIDs | F45: Align ADAPT with KOE Installation Details (follow Grounding method) | G45: Available | I45: HOLD | J45: Requires the completion of Grounding as a go-by | K45: High | M45: =IF(K45="Critical",4,IF(K45="High",3,IF(K45="Medium",2,IF(K45="Low",1,0)))) -> 3 | N45: 0 | O45: =IF(N45="",IF(I45="Closed Out",1,IF(I45="Complete",1,IF(I45="Approved",1,IF(I45="Reviewed",1,IF(I45="In Review",0.9,IF(I45="75% Complete",0.75,IF(I45="50% Complete",0.5,IF(I45="25% Complete",0.25,IF(I45="Started",0.25,0))))))))),MAX(IF(I45="Closed Out",1,IF(I45="Complete",1,IF(I45="Approved",1,IF(I45="Reviewed",1,IF(I45="In Review",0.9,IF(I45="75% Complete",0.75,IF(I45="50% Complete",0.5,IF(I45="25% Complete",0.25,IF(I45="Started",0.25,0))))))))),N45)) -> 0 | P45: =M45*O45 -> 0 | Q45: =IF(OR(I45="Closed Out",I45="Complete",I45="Approved",I45="Reviewed"),"Closed",IF(OR(I45="HOLD",I45="Pause"),"Blocked","Open")) -> Blocked | R45: =IF(AND(Q45="Open",ISNUMBER(L45),L45<TODAY()),1,0) -> 0 | S45: 0 | V45: =IF(ISNUMBER(L45),"Q"&ROUNDUP(MONTH(L45)/3,0),IF(LEFT(TRIM(CLEAN(L45)),1)="Q","Q"&VALUE(RIGHT(TRIM(CLEAN(L45)),1)),"No Date")) -> No Date
A46: =IF(A45="Item #",1,A45+1) -> 31 | B46: Consistency Workshop | C46: Electrical | D46: Wire and Cable | E46: ADAPT - Assemblies / KIDs | F46: Align ADAPT with KOE Installation Details (follow Grounding method) | G46: Available | I46: HOLD | J46: Requires the completion of Grounding as a go-by | K46: High | M46: =IF(K46="Critical",4,IF(K46="High",3,IF(K46="Medium",2,IF(K46="Low",1,0)))) -> 3 | N46: 0 | O46: =IF(N46="",IF(I46="Closed Out",1,IF(I46="Complete",1,IF(I46="Approved",1,IF(I46="Reviewed",1,IF(I46="In Review",0.9,IF(I46="75% Complete",0.75,IF(I46="50% Complete",0.5,IF(I46="25% Complete",0.25,IF(I46="Started",0.25,0))))))))),MAX(IF(I46="Closed Out",1,IF(I46="Complete",1,IF(I46="Approved",1,IF(I46="Reviewed",1,IF(I46="In Review",0.9,IF(I46="75% Complete",0.75,IF(I46="50% Complete",0.5,IF(I46="25% Complete",0.25,IF(I46="Started",0.25,0))))))))),N46)) -> 0 | P46: =M46*O46 -> 0 | Q46: =IF(OR(I46="Closed Out",I46="Complete",I46="Approved",I46="Reviewed"),"Closed",IF(OR(I46="HOLD",I46="Pause"),"Blocked","Open")) -> Blocked | R46: =IF(AND(Q46="Open",ISNUMBER(L46),L46<TODAY()),1,0) -> 0 | S46: 0 | V46: =IF(ISNUMBER(L46),"Q"&ROUNDUP(MONTH(L46)/3,0),IF(LEFT(TRIM(CLEAN(L46)),1)="Q","Q"&VALUE(RIGHT(TRIM(CLEAN(L46)),1)),"No Date")) -> No Date
A47: =IF(A46="Item #",1,A46+1) -> 32 | B47: Energy Standardization | C47: E&I Department | D47: Department | E47: Procedure (Energy) | F47: Review and pick up comments on Playbook | G47: Allen Douglas | I47: Closed Out | J47: Confirm in Wednesday meeting what is next step (if any) | K47: Critical | L47: 46150 | M47: =IF(K47="Critical",4,IF(K47="High",3,IF(K47="Medium",2,IF(K47="Low",1,0)))) -> 4 | N47: 1 | O47: =IF(N47="",IF(I47="Closed Out",1,IF(I47="Complete",1,IF(I47="Approved",1,IF(I47="Reviewed",1,IF(I47="In Review",0.9,IF(I47="75% Complete",0.75,IF(I47="50% Complete",0.5,IF(I47="25% Complete",0.25,IF(I47="Started",0.25,0))))))))),MAX(IF(I47="Closed Out",1,IF(I47="Complete",1,IF(I47="Approved",1,IF(I47="Reviewed",1,IF(I47="In Review",0.9,IF(I47="75% Complete",0.75,IF(I47="50% Complete",0.5,IF(I47="25% Complete",0.25,IF(I47="Started",0.25,0))))))))),N47)) -> 1 | P47: =M47*O47 -> 4 | Q47: =IF(OR(I47="Closed Out",I47="Complete",I47="Approved",I47="Reviewed"),"Closed",IF(OR(I47="HOLD",I47="Pause"),"Blocked","Open")) -> Closed | R47: =IF(AND(Q47="Open",ISNUMBER(L47),L47<TODAY()),1,0) -> 0 | S47: 0 | V47: =IF(ISNUMBER(L47),"Q"&ROUNDUP(MONTH(L47)/3,0),IF(LEFT(TRIM(CLEAN(L47)),1)="Q","Q"&VALUE(RIGHT(TRIM(CLEAN(L47)),1)),"No Date")) -> Q2
A48: =IF(A47="Item #",1,A47+1) -> 33 | B48: Consistency Workshop | C48: Electrical | D48: Lighting | E48: Training Improvement IO 101023951 | F48: Align on "cradle to grave" of this Catgory and identify Action Items | G48: Available | I48: HOLD | J48: Requires the completion of Grounding as a go-by | K48: High | M48: =IF(K48="Critical",4,IF(K48="High",3,IF(K48="Medium",2,IF(K48="Low",1,0)))) -> 3 | N48: 0 | O48: =IF(N48="",IF(I48="Closed Out",1,IF(I48="Complete",1,IF(I48="Approved",1,IF(I48="Reviewed",1,IF(I48="In Review",0.9,IF(I48="75% Complete",0.75,IF(I48="50% Complete",0.5,IF(I48="25% Complete",0.25,IF(I48="Started",0.25,0))))))))),MAX(IF(I48="Closed Out",1,IF(I48="Complete",1,IF(I48="Approved",1,IF(I48="Reviewed",1,IF(I48="In Review",0.9,IF(I48="75% Complete",0.75,IF(I48="50% Complete",0.5,IF(I48="25% Complete",0.25,IF(I48="Started",0.25,0))))))))),N48)) -> 0 | P48: =M48*O48 -> 0 | Q48: =IF(OR(I48="Closed Out",I48="Complete",I48="Approved",I48="Reviewed"),"Closed",IF(OR(I48="HOLD",I48="Pause"),"Blocked","Open")) -> Blocked | R48: =IF(AND(Q48="Open",ISNUMBER(L48),L48<TODAY()),1,0) -> 0 | S48: 0 | V48: =IF(ISNUMBER(L48),"Q"&ROUNDUP(MONTH(L48)/3,0),IF(LEFT(TRIM(CLEAN(L48)),1)="Q","Q"&VALUE(RIGHT(TRIM(CLEAN(L48)),1)),"No Date")) -> No Date
A49: =IF(A48="Item #",1,A48+1) -> 34 | B49: Consistency Workshop | C49: Electrical | D49: Cable Tray | E49: Training Improvement IO 101023951 | F49: Align on "cradle to grave" of this Catgory and identify Action Items | G49: Rasheed Oduro | I49: HOLD | J49: Requires the completion of Grounding as a go-by 6/22 - Getting head start while Grounding is still in process. | K49: High | M49: =IF(K49="Critical",4,IF(K49="High",3,IF(K49="Medium",2,IF(K49="Low",1,0)))) -> 3 | N49: 0.1 | O49: =IF(N49="",IF(I49="Closed Out",1,IF(I49="Complete",1,IF(I49="Approved",1,IF(I49="Reviewed",1,IF(I49="In Review",0.9,IF(I49="75% Complete",0.75,IF(I49="50% Complete",0.5,IF(I49="25% Complete",0.25,IF(I49="Started",0.25,0))))))))),MAX(IF(I49="Closed Out",1,IF(I49="Complete",1,IF(I49="Approved",1,IF(I49="Reviewed",1,IF(I49="In Review",0.9,IF(I49="75% Complete",0.75,IF(I49="50% Complete",0.5,IF(I49="25% Complete",0.25,IF(I49="Started",0.25,0))))))))),N49)) -> 0.1 | P49: =M49*O49 -> 0.3 | Q49: =IF(OR(I49="Closed Out",I49="Complete",I49="Approved",I49="Reviewed"),"Closed",IF(OR(I49="HOLD",I49="Pause"),"Blocked","Open")) -> Blocked | R49: =IF(AND(Q49="Open",ISNUMBER(L49),L49<TODAY()),1,0) -> 0 | S49: 0 | V49: =IF(ISNUMBER(L49),"Q"&ROUNDUP(MONTH(L49)/3,0),IF(LEFT(TRIM(CLEAN(L49)),1)="Q","Q"&VALUE(RIGHT(TRIM(CLEAN(L49)),1)),"No Date")) -> No Date
A50: =IF(A49="Item #",1,A49+1) -> 35 | B50: Consistency Workshop | C50: Electrical | D50: Conduit | E50: Training Improvement IO 101023951 | F50: Align on "cradle to grave" of this Catgory and identify Action Items | G50: Available | I50: HOLD | J50: Requires the completion of Grounding as a go-by | K50: High | M50: =IF(K50="Critical",4,IF(K50="High",3,IF(K50="Medium",2,IF(K50="Low",1,0)))) -> 3 | N50: 0 | O50: =IF(N50="",IF(I50="Closed Out",1,IF(I50="Complete",1,IF(I50="Approved",1,IF(I50="Reviewed",1,IF(I50="In Review",0.9,IF(I50="75% Complete",0.75,IF(I50="50% Complete",0.5,IF(I50="25% Complete",0.25,IF(I50="Started",0.25,0))))))))),MAX(IF(I50="Closed Out",1,IF(I50="Complete",1,IF(I50="Approved",1,IF(I50="Reviewed",1,IF(I50="In Review",0.9,IF(I50="75% Complete",0.75,IF(I50="50% Complete",0.5,IF(I50="25% Complete",0.25,IF(I50="Started",0.25,0))))))))),N50)) -> 0 | P50: =M50*O50 -> 0 | Q50: =IF(OR(I50="Closed Out",I50="Complete",I50="Approved",I50="Reviewed"),"Closed",IF(OR(I50="HOLD",I50="Pause"),"Blocked","Open")) -> Blocked | R50: =IF(AND(Q50="Open",ISNUMBER(L50),L50<TODAY()),1,0) -> 0 | S50: 0 | V50: =IF(ISNUMBER(L50),"Q"&ROUNDUP(MONTH(L50)/3,0),IF(LEFT(TRIM(CLEAN(L50)),1)="Q","Q"&VALUE(RIGHT(TRIM(CLEAN(L50)),1)),"No Date")) -> No Date
A51: =IF(A50="Item #",1,A50+1) -> 36 | B51: Consistency Workshop | C51: Electrical | D51: Channel Tray | E51: Training Improvement IO 101023951 | F51: Align on "cradle to grave" of this Catgory and identify Action Items | G51: Available | I51: HOLD | J51: Requires the completion of Grounding as a go-by | K51: High | M51: =IF(K51="Critical",4,IF(K51="High",3,IF(K51="Medium",2,IF(K51="Low",1,0)))) -> 3 | N51: 0 | O51: =IF(N51="",IF(I51="Closed Out",1,IF(I51="Complete",1,IF(I51="Approved",1,IF(I51="Reviewed",1,IF(I51="In Review",0.9,IF(I51="75% Complete",0.75,IF(I51="50% Complete",0.5,IF(I51="25% Complete",0.25,IF(I51="Started",0.25,0))))))))),MAX(IF(I51="Closed Out",1,IF(I51="Complete",1,IF(I51="Approved",1,IF(I51="Reviewed",1,IF(I51="In Review",0.9,IF(I51="75% Complete",0.75,IF(I51="50% Complete",0.5,IF(I51="25% Complete",0.25,IF(I51="Started",0.25,0))))))))),N51)) -> 0 | P51: =M51*O51 -> 0 | Q51: =IF(OR(I51="Closed Out",I51="Complete",I51="Approved",I51="Reviewed"),"Closed",IF(OR(I51="HOLD",I51="Pause"),"Blocked","Open")) -> Blocked | R51: =IF(AND(Q51="Open",ISNUMBER(L51),L51<TODAY()),1,0) -> 0 | S51: 0 | V51: =IF(ISNUMBER(L51),"Q"&ROUNDUP(MONTH(L51)/3,0),IF(LEFT(TRIM(CLEAN(L51)),1)="Q","Q"&VALUE(RIGHT(TRIM(CLEAN(L51)),1)),"No Date")) -> No Date
A52: =IF(A51="Item #",1,A51+1) -> 37 | B52: Consistency Workshop | C52: Electrical | D52: DuctBank | E52: Training Improvement IO 101023951 | F52: Align on "cradle to grave" of this Catgory and identify Action Items | G52: Available | I52: HOLD | J52: Requires the completion of Grounding as a go-by | K52: High | M52: =IF(K52="Critical",4,IF(K52="High",3,IF(K52="Medium",2,IF(K52="Low",1,0)))) -> 3 | N52: 0 | O52: =IF(N52="",IF(I52="Closed Out",1,IF(I52="Complete",1,IF(I52="Approved",1,IF(I52="Reviewed",1,IF(I52="In Review",0.9,IF(I52="75% Complete",0.75,IF(I52="50% Complete",0.5,IF(I52="25% Complete",0.25,IF(I52="Started",0.25,0))))))))),MAX(IF(I52="Closed Out",1,IF(I52="Complete",1,IF(I52="Approved",1,IF(I52="Reviewed",1,IF(I52="In Review",0.9,IF(I52="75% Complete",0.75,IF(I52="50% Complete",0.5,IF(I52="25% Complete",0.25,IF(I52="Started",0.25,0))))))))),N52)) -> 0 | P52: =M52*O52 -> 0 | Q52: =IF(OR(I52="Closed Out",I52="Complete",I52="Approved",I52="Reviewed"),"Closed",IF(OR(I52="HOLD",I52="Pause"),"Blocked","Open")) -> Blocked | R52: =IF(AND(Q52="Open",ISNUMBER(L52),L52<TODAY()),1,0) -> 0 | S52: 0 | V52: =IF(ISNUMBER(L52),"Q"&ROUNDUP(MONTH(L52)/3,0),IF(LEFT(TRIM(CLEAN(L52)),1)="Q","Q"&VALUE(RIGHT(TRIM(CLEAN(L52)),1)),"No Date")) -> No Date
A53: =IF(A52="Item #",1,A52+1) -> 38 | B53: Consistency Workshop | C53: Electrical | D53: Heat Trace | E53: Training Improvement IO 101023951 | F53: Align on "cradle to grave" of this Catgory and identify Action Items | G53: Available | I53: HOLD | J53: Requires the completion of Grounding as a go-by | K53: High | M53: =IF(K53="Critical",4,IF(K53="High",3,IF(K53="Medium",2,IF(K53="Low",1,0)))) -> 3 | N53: 0 | O53: =IF(N53="",IF(I53="Closed Out",1,IF(I53="Complete",1,IF(I53="Approved",1,IF(I53="Reviewed",1,IF(I53="In Review",0.9,IF(I53="75% Complete",0.75,IF(I53="50% Complete",0.5,IF(I53="25% Complete",0.25,IF(I53="Started",0.25,0))))))))),MAX(IF(I53="Closed Out",1,IF(I53="Complete",1,IF(I53="Approved",1,IF(I53="Reviewed",1,IF(I53="In Review",0.9,IF(I53="75% Complete",0.75,IF(I53="50% Complete",0.5,IF(I53="25% Complete",0.25,IF(I53="Started",0.25,0))))))))),N53)) -> 0 | P53: =M53*O53 -> 0 | Q53: =IF(OR(I53="Closed Out",I53="Complete",I53="Approved",I53="Reviewed"),"Closed",IF(OR(I53="HOLD",I53="Pause"),"Blocked","Open")) -> Blocked | R53: =IF(AND(Q53="Open",ISNUMBER(L53),L53<TODAY()),1,0) -> 0 | S53: 0 | V53: =IF(ISNUMBER(L53),"Q"&ROUNDUP(MONTH(L53)/3,0),IF(LEFT(TRIM(CLEAN(L53)),1)="Q","Q"&VALUE(RIGHT(TRIM(CLEAN(L53)),1)),"No Date")) -> No Date
A54: =IF(A53="Item #",1,A53+1) -> 39 | B54: Consistency Workshop | C54: Electrical | D54: Lightning Protection | E54: Training Improvement IO 101023951 | F54: Align on "cradle to grave" of this Catgory and identify Action Items | G54: Rasheed Oduro | I54: HOLD | J54: Requires the completion of Grounding as a go-by 6/23 - Placed | K54: High | M54: =IF(K54="Critical",4,IF(K54="High",3,IF(K54="Medium",2,IF(K54="Low",1,0)))) -> 3 | N54: 0.2 | O54: =IF(N54="",IF(I54="Closed Out",1,IF(I54="Complete",1,IF(I54="Approved",1,IF(I54="Reviewed",1,IF(I54="In Review",0.9,IF(I54="75% Complete",0.75,IF(I54="50% Complete",0.5,IF(I54="25% Complete",0.25,IF(I54="Started",0.25,0))))))))),MAX(IF(I54="Closed Out",1,IF(I54="Complete",1,IF(I54="Approved",1,IF(I54="Reviewed",1,IF(I54="In Review",0.9,IF(I54="75% Complete",0.75,IF(I54="50% Complete",0.5,IF(I54="25% Complete",0.25,IF(I54="Started",0.25,0))))))))),N54)) -> 0.2 | P54: =M54*O54 -> 0.6 | Q54: =IF(OR(I54="Closed Out",I54="Complete",I54="Approved",I54="Reviewed"),"Closed",IF(OR(I54="HOLD",I54="Pause"),"Blocked","Open")) -> Blocked | R54: =IF(AND(Q54="Open",ISNUMBER(L54),L54<TODAY()),1,0) -> 0 | S54: 0 | V54: =IF(ISNUMBER(L54),"Q"&ROUNDUP(MONTH(L54)/3,0),IF(LEFT(TRIM(CLEAN(L54)),1)="Q","Q"&VALUE(RIGHT(TRIM(CLEAN(L54)),1)),"No Date")) -> No Date
A55: =IF(A54="Item #",1,A54+1) -> 40 | B55: Consistency Workshop | C55: Electrical | D55: Receptacle-120V | E55: Training Improvement IO 101023951 | F55: Align on "cradle to grave" of this Catgory and identify Action Items | G55: Available | I55: HOLD | J55: Requires the completion of Grounding as a go-by | K55: High | M55: =IF(K55="Critical",4,IF(K55="High",3,IF(K55="Medium",2,IF(K55="Low",1,0)))) -> 3 | N55: 0 | O55: =IF(N55="",IF(I55="Closed Out",1,IF(I55="Complete",1,IF(I55="Approved",1,IF(I55="Reviewed",1,IF(I55="In Review",0.9,IF(I55="75% Complete",0.75,IF(I55="50% Complete",0.5,IF(I55="25% Complete",0.25,IF(I55="Started",0.25,0))))))))),MAX(IF(I55="Closed Out",1,IF(I55="Complete",1,IF(I55="Approved",1,IF(I55="Reviewed",1,IF(I55="In Review",0.9,IF(I55="75% Complete",0.75,IF(I55="50% Complete",0.5,IF(I55="25% Complete",0.25,IF(I55="Started",0.25,0))))))))),N55)) -> 0 | P55: =M55*O55 -> 0 | Q55: =IF(OR(I55="Closed Out",I55="Complete",I55="Approved",I55="Reviewed"),"Closed",IF(OR(I55="HOLD",I55="Pause"),"Blocked","Open")) -> Blocked | R55: =IF(AND(Q55="Open",ISNUMBER(L55),L55<TODAY()),1,0) -> 0 | S55: 0 | V55: =IF(ISNUMBER(L55),"Q"&ROUNDUP(MONTH(L55)/3,0),IF(LEFT(TRIM(CLEAN(L55)),1)="Q","Q"&VALUE(RIGHT(TRIM(CLEAN(L55)),1)),"No Date")) -> No Date
A56: =IF(A55="Item #",1,A55+1) -> 41 | B56: Consistency Workshop | C56: Electrical | D56: Receptacle-480V | E56: Training Improvement IO 101023951 | F56: Align on "cradle to grave" of this Catgory and identify Action Items | G56: Available | I56: HOLD | J56: Requires the completion of Grounding as a go-by | K56: High | M56: =IF(K56="Critical",4,IF(K56="High",3,IF(K56="Medium",2,IF(K56="Low",1,0)))) -> 3 | N56: 0 | O56: =IF(N56="",IF(I56="Closed Out",1,IF(I56="Complete",1,IF(I56="Approved",1,IF(I56="Reviewed",1,IF(I56="In Review",0.9,IF(I56="75% Complete",0.75,IF(I56="50% Complete",0.5,IF(I56="25% Complete",0.25,IF(I56="Started",0.25,0))))))))),MAX(IF(I56="Closed Out",1,IF(I56="Complete",1,IF(I56="Approved",1,IF(I56="Reviewed",1,IF(I56="In Review",0.9,IF(I56="75% Complete",0.75,IF(I56="50% Complete",0.5,IF(I56="25% Complete",0.25,IF(I56="Started",0.25,0))))))))),N56)) -> 0 | P56: =M56*O56 -> 0 | Q56: =IF(OR(I56="Closed Out",I56="Complete",I56="Approved",I56="Reviewed"),"Closed",IF(OR(I56="HOLD",I56="Pause"),"Blocked","Open")) -> Blocked | R56: =IF(AND(Q56="Open",ISNUMBER(L56),L56<TODAY()),1,0) -> 0 | S56: 0 | V56: =IF(ISNUMBER(L56),"Q"&ROUNDUP(MONTH(L56)/3,0),IF(LEFT(TRIM(CLEAN(L56)),1)="Q","Q"&VALUE(RIGHT(TRIM(CLEAN(L56)),1)),"No Date")) -> No Date
A57: =IF(A56="Item #",1,A56+1) -> 42 | B57: Consistency Workshop | C57: Electrical | D57: Temporary Power | E57: Training Improvement IO 101023951 | F57: Align on "cradle to grave" of this Catgory and identify Action Items | G57: Available | I57: HOLD | J57: Requires the completion of Grounding as a go-by | K57: High | M57: =IF(K57="Critical",4,IF(K57="High",3,IF(K57="Medium",2,IF(K57="Low",1,0)))) -> 3 | N57: 0 | O57: =IF(N57="",IF(I57="Closed Out",1,IF(I57="Complete",1,IF(I57="Approved",1,IF(I57="Reviewed",1,IF(I57="In Review",0.9,IF(I57="75% Complete",0.75,IF(I57="50% Complete",0.5,IF(I57="25% Complete",0.25,IF(I57="Started",0.25,0))))))))),MAX(IF(I57="Closed Out",1,IF(I57="Complete",1,IF(I57="Approved",1,IF(I57="Reviewed",1,IF(I57="In Review",0.9,IF(I57="75% Complete",0.75,IF(I57="50% Complete",0.5,IF(I57="25% Complete",0.25,IF(I57="Started",0.25,0))))))))),N57)) -> 0 | P57: =M57*O57 -> 0 | Q57: =IF(OR(I57="Closed Out",I57="Complete",I57="Approved",I57="Reviewed"),"Closed",IF(OR(I57="HOLD",I57="Pause"),"Blocked","Open")) -> Blocked | R57: =IF(AND(Q57="Open",ISNUMBER(L57),L57<TODAY()),1,0) -> 0 | S57: 0 | V57: =IF(ISNUMBER(L57),"Q"&ROUNDUP(MONTH(L57)/3,0),IF(LEFT(TRIM(CLEAN(L57)),1)="Q","Q"&VALUE(RIGHT(TRIM(CLEAN(L57)),1)),"No Date")) -> No Date
A58: =IF(A57="Item #",1,A57+1) -> 43 | B58: Consistency Workshop | C58: Electrical | D58: Wire and Cable | E58: Training Improvement IO 101023951 | F58: Align on "cradle to grave" of this Catgory and identify Action Items | G58: Available | I58: HOLD | J58: Requires the completion of Grounding as a go-by | K58: High | M58: =IF(K58="Critical",4,IF(K58="High",3,IF(K58="Medium",2,IF(K58="Low",1,0)))) -> 3 | N58: 0 | O58: =IF(N58="",IF(I58="Closed Out",1,IF(I58="Complete",1,IF(I58="Approved",1,IF(I58="Reviewed",1,IF(I58="In Review",0.9,IF(I58="75% Complete",0.75,IF(I58="50% Complete",0.5,IF(I58="25% Complete",0.25,IF(I58="Started",0.25,0))))))))),MAX(IF(I58="Closed Out",1,IF(I58="Complete",1,IF(I58="Approved",1,IF(I58="Reviewed",1,IF(I58="In Review",0.9,IF(I58="75% Complete",0.75,IF(I58="50% Complete",0.5,IF(I58="25% Complete",0.25,IF(I58="Started",0.25,0))))))))),N58)) -> 0 | P58: =M58*O58 -> 0 | Q58: =IF(OR(I58="Closed Out",I58="Complete",I58="Approved",I58="Reviewed"),"Closed",IF(OR(I58="HOLD",I58="Pause"),"Blocked","Open")) -> Blocked | R58: =IF(AND(Q58="Open",ISNUMBER(L58),L58<TODAY()),1,0) -> 0 | S58: 0 | V58: =IF(ISNUMBER(L58),"Q"&ROUNDUP(MONTH(L58)/3,0),IF(LEFT(TRIM(CLEAN(L58)),1)="Q","Q"&VALUE(RIGHT(TRIM(CLEAN(L58)),1)),"No Date")) -> No Date
A59: =IF(A58="Item #",1,A58+1) -> 44 | B59: Temporary Power | C59: Electrical | D59: Temporary Power | E59: Procedure (OGC) | F59: Generate Temporary Power Templates | G59: Jacob Farsalas | I59: Closed Out | J59: Pull most recent project worksheets into folder and turn into maste templates for future use - to Syed | K59: Critical | L59: 46150 | M59: =IF(K59="Critical",4,IF(K59="High",3,IF(K59="Medium",2,IF(K59="Low",1,0)))) -> 4 | N59: 1 | O59: =IF(N59="",IF(I59="Closed Out",1,IF(I59="Complete",1,IF(I59="Approved",1,IF(I59="Reviewed",1,IF(I59="In Review",0.9,IF(I59="75% Complete",0.75,IF(I59="50% Complete",0.5,IF(I59="25% Complete",0.25,IF(I59="Started",0.25,0))))))))),MAX(IF(I59="Closed Out",1,IF(I59="Complete",1,IF(I59="Approved",1,IF(I59="Reviewed",1,IF(I59="In Review",0.9,IF(I59="75% Complete",0.75,IF(I59="50% Complete",0.5,IF(I59="25% Complete",0.25,IF(I59="Started",0.25,0))))))))),N59)) -> 1 | P59: =M59*O59 -> 4 | Q59: =IF(OR(I59="Closed Out",I59="Complete",I59="Approved",I59="Reviewed"),"Closed",IF(OR(I59="HOLD",I59="Pause"),"Blocked","Open")) -> Closed | R59: =IF(AND(Q59="Open",ISNUMBER(L59),L59<TODAY()),1,0) -> 0 | S59: 0 | V59: =IF(ISNUMBER(L59),"Q"&ROUNDUP(MONTH(L59)/3,0),IF(LEFT(TRIM(CLEAN(L59)),1)="Q","Q"&VALUE(RIGHT(TRIM(CLEAN(L59)),1)),"No Date")) -> Q2
A60: =IF(A59="Item #",1,A59+1) -> 45 | B60: Consistency Workshop | C60: E&I Department | D60: Cable - General | E60: Training Improvement IO 101023951 | F60: Align on "cradle to grave" of this Catgory and identify Action Items | G60: Available | I60: HOLD | J60: Requires the completion of Grounding as a go-by | K60: High | M60: =IF(K60="Critical",4,IF(K60="High",3,IF(K60="Medium",2,IF(K60="Low",1,0)))) -> 3 | N60: 0 | O60: =IF(N60="",IF(I60="Closed Out",1,IF(I60="Complete",1,IF(I60="Approved",1,IF(I60="Reviewed",1,IF(I60="In Review",0.9,IF(I60="75% Complete",0.75,IF(I60="50% Complete",0.5,IF(I60="25% Complete",0.25,IF(I60="Started",0.25,0))))))))),MAX(IF(I60="Closed Out",1,IF(I60="Complete",1,IF(I60="Approved",1,IF(I60="Reviewed",1,IF(I60="In Review",0.9,IF(I60="75% Complete",0.75,IF(I60="50% Complete",0.5,IF(I60="25% Complete",0.25,IF(I60="Started",0.25,0))))))))),N60)) -> 0 | P60: =M60*O60 -> 0 | Q60: =IF(OR(I60="Closed Out",I60="Complete",I60="Approved",I60="Reviewed"),"Closed",IF(OR(I60="HOLD",I60="Pause"),"Blocked","Open")) -> Blocked | R60: =IF(AND(Q60="Open",ISNUMBER(L60),L60<TODAY()),1,0) -> 0 | S60: 0 | V60: =IF(ISNUMBER(L60),"Q"&ROUNDUP(MONTH(L60)/3,0),IF(LEFT(TRIM(CLEAN(L60)),1)="Q","Q"&VALUE(RIGHT(TRIM(CLEAN(L60)),1)),"No Date")) -> No Date
A61: =IF(A60="Item #",1,A60+1) -> 46 | B61: Consistency Workshop | C61: Electrical | D61: Procurement | E61: Procurement - RFQ | F61: Standardize RFQ from Procurement Template to ADAPT Automation | G61: Rasheed Oduro | I61: Not Started | J61: Need other Iniatiatives completed before this can start | K61: Medium | M61: =IF(K61="Critical",4,IF(K61="High",3,IF(K61="Medium",2,IF(K61="Low",1,0)))) -> 2 | N61: 0 | O61: =IF(N61="",IF(I61="Closed Out",1,IF(I61="Complete",1,IF(I61="Approved",1,IF(I61="Reviewed",1,IF(I61="In Review",0.9,IF(I61="75% Complete",0.75,IF(I61="50% Complete",0.5,IF(I61="25% Complete",0.25,IF(I61="Started",0.25,0))))))))),MAX(IF(I61="Closed Out",1,IF(I61="Complete",1,IF(I61="Approved",1,IF(I61="Reviewed",1,IF(I61="In Review",0.9,IF(I61="75% Complete",0.75,IF(I61="50% Complete",0.5,IF(I61="25% Complete",0.25,IF(I61="Started",0.25,0))))))))),N61)) -> 0 | P61: =M61*O61 -> 0 | Q61: =IF(OR(I61="Closed Out",I61="Complete",I61="Approved",I61="Reviewed"),"Closed",IF(OR(I61="HOLD",I61="Pause"),"Blocked","Open")) -> Open | R61: =IF(AND(Q61="Open",ISNUMBER(L61),L61<TODAY()),1,0) -> 0 | S61: 0 | V61: =IF(ISNUMBER(L61),"Q"&ROUNDUP(MONTH(L61)/3,0),IF(LEFT(TRIM(CLEAN(L61)),1)="Q","Q"&VALUE(RIGHT(TRIM(CLEAN(L61)),1)),"No Date")) -> No Date
A62: =IF(A61="Item #",1,A61+1) -> 47 | B62: Initiatives - Future | C62: E&I Department | D62: Department | E62: KOE Installation Detail | F62: Produce a document that gives acceptable "or Equal" part numbers | G62: Available | I62: Not Started | J62: TBD on who will own this list after completed - Impact to GTPP White Paper | K62: Medium | M62: =IF(K62="Critical",4,IF(K62="High",3,IF(K62="Medium",2,IF(K62="Low",1,0)))) -> 2 | N62: 0 | O62: =IF(N62="",IF(I62="Closed Out",1,IF(I62="Complete",1,IF(I62="Approved",1,IF(I62="Reviewed",1,IF(I62="In Review",0.9,IF(I62="75% Complete",0.75,IF(I62="50% Complete",0.5,IF(I62="25% Complete",0.25,IF(I62="Started",0.25,0))))))))),MAX(IF(I62="Closed Out",1,IF(I62="Complete",1,IF(I62="Approved",1,IF(I62="Reviewed",1,IF(I62="In Review",0.9,IF(I62="75% Complete",0.75,IF(I62="50% Complete",0.5,IF(I62="25% Complete",0.25,IF(I62="Started",0.25,0))))))))),N62)) -> 0 | P62: =M62*O62 -> 0 | Q62: =IF(OR(I62="Closed Out",I62="Complete",I62="Approved",I62="Reviewed"),"Closed",IF(OR(I62="HOLD",I62="Pause"),"Blocked","Open")) -> Open | R62: =IF(AND(Q62="Open",ISNUMBER(L62),L62<TODAY()),1,0) -> 0 | S62: 0 | V62: =IF(ISNUMBER(L62),"Q"&ROUNDUP(MONTH(L62)/3,0),IF(LEFT(TRIM(CLEAN(L62)),1)="Q","Q"&VALUE(RIGHT(TRIM(CLEAN(L62)),1)),"No Date")) -> No Date
A63: =IF(A62="Item #",1,A62+1) -> 48 | B63: Energy Standardization | C63: E&I Department | D63: Conduit | E63: Procurement - QCS | F63: Standardize 4.30.400 Conduit QCS to align with OGC standards, ADAPT material master, field needs - All possible materials required for installation and supplies. Goal is to use this and not clone from each project QCS | G63: Dilan Centeno | I63: Not Started | J63: Added 6/8 | K63: Low | L63: Q3 | M63: =IF(K63="Critical",4,IF(K63="High",3,IF(K63="Medium",2,IF(K63="Low",1,0)))) -> 1 | N63: 0 | O63: =IF(N63="",IF(I63="Closed Out",1,IF(I63="Complete",1,IF(I63="Approved",1,IF(I63="Reviewed",1,IF(I63="In Review",0.9,IF(I63="75% Complete",0.75,IF(I63="50% Complete",0.5,IF(I63="25% Complete",0.25,IF(I63="Started",0.25,0))))))))),MAX(IF(I63="Closed Out",1,IF(I63="Complete",1,IF(I63="Approved",1,IF(I63="Reviewed",1,IF(I63="In Review",0.9,IF(I63="75% Complete",0.75,IF(I63="50% Complete",0.5,IF(I63="25% Complete",0.25,IF(I63="Started",0.25,0))))))))),N63)) -> 0 | P63: =M63*O63 -> 0 | Q63: =IF(OR(I63="Closed Out",I63="Complete",I63="Approved",I63="Reviewed"),"Closed",IF(OR(I63="HOLD",I63="Pause"),"Blocked","Open")) -> Open | R63: =IF(AND(Q63="Open",ISNUMBER(L63),L63<TODAY()),1,0) -> 0 | S63: 0 | V63: =IF(ISNUMBER(L63),"Q"&ROUNDUP(MONTH(L63)/3,0),IF(LEFT(TRIM(CLEAN(L63)),1)="Q","Q"&VALUE(RIGHT(TRIM(CLEAN(L63)),1)),"No Date")) -> Q3
A64: =IF(A63="Item #",1,A63+1) -> 49 | B64: Energy Standardization | C64: Electrical | D64: Lighting | E64: Procurement - QCS | F64: Standardize 4.30.440 Lighting Bulks QCS to align with OGC standards, ADAPT material master, field needs - All possible materials required for installation and supplies. Goal is to use this and not clone from each project QCS | G64: Dilan Centeno | I64: Not Started | J64: Added 6/8 | K64: Low | L64: Q3 | M64: =IF(K64="Critical",4,IF(K64="High",3,IF(K64="Medium",2,IF(K64="Low",1,0)))) -> 1 | N64: 0 | O64: =IF(N64="",IF(I64="Closed Out",1,IF(I64="Complete",1,IF(I64="Approved",1,IF(I64="Reviewed",1,IF(I64="In Review",0.9,IF(I64="75% Complete",0.75,IF(I64="50% Complete",0.5,IF(I64="25% Complete",0.25,IF(I64="Started",0.25,0))))))))),MAX(IF(I64="Closed Out",1,IF(I64="Complete",1,IF(I64="Approved",1,IF(I64="Reviewed",1,IF(I64="In Review",0.9,IF(I64="75% Complete",0.75,IF(I64="50% Complete",0.5,IF(I64="25% Complete",0.25,IF(I64="Started",0.25,0))))))))),N64)) -> 0 | P64: =M64*O64 -> 0 | Q64: =IF(OR(I64="Closed Out",I64="Complete",I64="Approved",I64="Reviewed"),"Closed",IF(OR(I64="HOLD",I64="Pause"),"Blocked","Open")) -> Open | R64: =IF(AND(Q64="Open",ISNUMBER(L64),L64<TODAY()),1,0) -> 0 | S64: 0 | V64: =IF(ISNUMBER(L64),"Q"&ROUNDUP(MONTH(L64)/3,0),IF(LEFT(TRIM(CLEAN(L64)),1)="Q","Q"&VALUE(RIGHT(TRIM(CLEAN(L64)),1)),"No Date")) -> Q3
A65: =IF(A64="Item #",1,A64+1) -> 50 | B65: Energy Standardization | C65: Electrical | D65: Equipment and Devices | E65: Procurement - QCS | F65: Standardize 4.30.450 Equipment and Devices QCS to align with OGC standards, ADAPT material master, field needs - All possible materials required for installation and supplies. Goal is to use this and not clone from each project QCS | G65: Available | I65: Not Started | K65: Low | L65: Q3 | M65: =IF(K65="Critical",4,IF(K65="High",3,IF(K65="Medium",2,IF(K65="Low",1,0)))) -> 1 | N65: 0 | O65: =IF(N65="",IF(I65="Closed Out",1,IF(I65="Complete",1,IF(I65="Approved",1,IF(I65="Reviewed",1,IF(I65="In Review",0.9,IF(I65="75% Complete",0.75,IF(I65="50% Complete",0.5,IF(I65="25% Complete",0.25,IF(I65="Started",0.25,0))))))))),MAX(IF(I65="Closed Out",1,IF(I65="Complete",1,IF(I65="Approved",1,IF(I65="Reviewed",1,IF(I65="In Review",0.9,IF(I65="75% Complete",0.75,IF(I65="50% Complete",0.5,IF(I65="25% Complete",0.25,IF(I65="Started",0.25,0))))))))),N65)) -> 0 | P65: =M65*O65 -> 0 | Q65: =IF(OR(I65="Closed Out",I65="Complete",I65="Approved",I65="Reviewed"),"Closed",IF(OR(I65="HOLD",I65="Pause"),"Blocked","Open")) -> Open | R65: =IF(AND(Q65="Open",ISNUMBER(L65),L65<TODAY()),1,0) -> 0 | S65: 0 | V65: =IF(ISNUMBER(L65),"Q"&ROUNDUP(MONTH(L65)/3,0),IF(LEFT(TRIM(CLEAN(L65)),1)="Q","Q"&VALUE(RIGHT(TRIM(CLEAN(L65)),1)),"No Date")) -> Q3
A66: =IF(A65="Item #",1,A65+1) -> 51 | B66: I&C Adapt Logic | C66: Instrumentation and Controls | D66: Estimating | E66: ADAPT - Report | F66: Report templates prepared and sent for implementation. Adapt Team to complete programing to generate reports. | G66: ADAPT | H66: Rene Contreras | I66: HOLD | J66: Adapt Team confirmed Reports will be implemented in 2.0. (timeline: end of year) | K66: Low | M66: =IF(K66="Critical",4,IF(K66="High",3,IF(K66="Medium",2,IF(K66="Low",1,0)))) -> 1 | N66: 0 | O66: =IF(N66="",IF(I66="Closed Out",1,IF(I66="Complete",1,IF(I66="Approved",1,IF(I66="Reviewed",1,IF(I66="In Review",0.9,IF(I66="75% Complete",0.75,IF(I66="50% Complete",0.5,IF(I66="25% Complete",0.25,IF(I66="Started",0.25,0))))))))),MAX(IF(I66="Closed Out",1,IF(I66="Complete",1,IF(I66="Approved",1,IF(I66="Reviewed",1,IF(I66="In Review",0.9,IF(I66="75% Complete",0.75,IF(I66="50% Complete",0.5,IF(I66="25% Complete",0.25,IF(I66="Started",0.25,0))))))))),N66)) -> 0 | P66: =M66*O66 -> 0 | Q66: =IF(OR(I66="Closed Out",I66="Complete",I66="Approved",I66="Reviewed"),"Closed",IF(OR(I66="HOLD",I66="Pause"),"Blocked","Open")) -> Blocked | R66: =IF(AND(Q66="Open",ISNUMBER(L66),L66<TODAY()),1,0) -> 0 | S66: 0 | V66: =IF(ISNUMBER(L66),"Q"&ROUNDUP(MONTH(L66)/3,0),IF(LEFT(TRIM(CLEAN(L66)),1)="Q","Q"&VALUE(RIGHT(TRIM(CLEAN(L66)),1)),"No Date")) -> No Date
A67: =IF(A66="Item #",1,A66+1) -> 52 | B67: Energy Standardization | C67: Electrical | D67: Terminations | E67: Procurement - QCS | F67: Standardize 4.30.410 Terminations to align with OGC standards, ADAPT material master, field needs - All possible materials required for installation and supplies. Goal is to use this and not clone from each project QCS | G67: Available | I67: 25% Complete | J67: QCS crreated and updated to ADAPT but need to link to materials and peer review and send to Procurement Team - Mohan Started | K67: Low | L67: Q3 | M67: =IF(K67="Critical",4,IF(K67="High",3,IF(K67="Medium",2,IF(K67="Low",1,0)))) -> 1 | N67: 0.25 | O67: =IF(N67="",IF(I67="Closed Out",1,IF(I67="Complete",1,IF(I67="Approved",1,IF(I67="Reviewed",1,IF(I67="In Review",0.9,IF(I67="75% Complete",0.75,IF(I67="50% Complete",0.5,IF(I67="25% Complete",0.25,IF(I67="Started",0.25,0))))))))),MAX(IF(I67="Closed Out",1,IF(I67="Complete",1,IF(I67="Approved",1,IF(I67="Reviewed",1,IF(I67="In Review",0.9,IF(I67="75% Complete",0.75,IF(I67="50% Complete",0.5,IF(I67="25% Complete",0.25,IF(I67="Started",0.25,0))))))))),N67)) -> 0.25 | P67: =M67*O67 -> 0.25 | Q67: =IF(OR(I67="Closed Out",I67="Complete",I67="Approved",I67="Reviewed"),"Closed",IF(OR(I67="HOLD",I67="Pause"),"Blocked","Open")) -> Open | R67: =IF(AND(Q67="Open",ISNUMBER(L67),L67<TODAY()),1,0) -> 0 | S67: 0 | V67: =IF(ISNUMBER(L67),"Q"&ROUNDUP(MONTH(L67)/3,0),IF(LEFT(TRIM(CLEAN(L67)),1)="Q","Q"&VALUE(RIGHT(TRIM(CLEAN(L67)),1)),"No Date")) -> Q3
A68: =IF(A67="Item #",1,A67+1) -> 53 | B68: Energy Standardization | C68: Electrical | D68: Wire and Cable | E68: Procurement - QCS | F68: Standardize 4.30.505 Temp Power Wire & Cable QCS to align with OGC standards, ADAPT material master, field needs - All possible materials required for installation and supplies. Goal is to use this and not clone from each project QCS | G68: Available | I68: Not Started | K68: Low | L68: Q3 | M68: =IF(K68="Critical",4,IF(K68="High",3,IF(K68="Medium",2,IF(K68="Low",1,0)))) -> 1 | N68: 0 | O68: =IF(N68="",IF(I68="Closed Out",1,IF(I68="Complete",1,IF(I68="Approved",1,IF(I68="Reviewed",1,IF(I68="In Review",0.9,IF(I68="75% Complete",0.75,IF(I68="50% Complete",0.5,IF(I68="25% Complete",0.25,IF(I68="Started",0.25,0))))))))),MAX(IF(I68="Closed Out",1,IF(I68="Complete",1,IF(I68="Approved",1,IF(I68="Reviewed",1,IF(I68="In Review",0.9,IF(I68="75% Complete",0.75,IF(I68="50% Complete",0.5,IF(I68="25% Complete",0.25,IF(I68="Started",0.25,0))))))))),N68)) -> 0 | P68: =M68*O68 -> 0 | Q68: =IF(OR(I68="Closed Out",I68="Complete",I68="Approved",I68="Reviewed"),"Closed",IF(OR(I68="HOLD",I68="Pause"),"Blocked","Open")) -> Open | R68: =IF(AND(Q68="Open",ISNUMBER(L68),L68<TODAY()),1,0) -> 0 | S68: 0 | V68: =IF(ISNUMBER(L68),"Q"&ROUNDUP(MONTH(L68)/3,0),IF(LEFT(TRIM(CLEAN(L68)),1)="Q","Q"&VALUE(RIGHT(TRIM(CLEAN(L68)),1)),"No Date")) -> Q3
A69: =IF(A68="Item #",1,A68+1) -> 54 | B69: Energy Standardization | C69: Electrical | D69: Heat Trace | E69: Procurement - QCS | F69: Standardize 4.30.430 Heat Trace QCS to align with OGC standards, ADAPT material master, field needs - All possible materials required for installation and supplies. Goal is to use this and not clone from each project QCS | G69: Keshika Nath Varma | I69: Not Started | K69: Low | L69: Q3 | M69: =IF(K69="Critical",4,IF(K69="High",3,IF(K69="Medium",2,IF(K69="Low",1,0)))) -> 1 | N69: 0 | O69: =IF(N69="",IF(I69="Closed Out",1,IF(I69="Complete",1,IF(I69="Approved",1,IF(I69="Reviewed",1,IF(I69="In Review",0.9,IF(I69="75% Complete",0.75,IF(I69="50% Complete",0.5,IF(I69="25% Complete",0.25,IF(I69="Started",0.25,0))))))))),MAX(IF(I69="Closed Out",1,IF(I69="Complete",1,IF(I69="Approved",1,IF(I69="Reviewed",1,IF(I69="In Review",0.9,IF(I69="75% Complete",0.75,IF(I69="50% Complete",0.5,IF(I69="25% Complete",0.25,IF(I69="Started",0.25,0))))))))),N69)) -> 0 | P69: =M69*O69 -> 0 | Q69: =IF(OR(I69="Closed Out",I69="Complete",I69="Approved",I69="Reviewed"),"Closed",IF(OR(I69="HOLD",I69="Pause"),"Blocked","Open")) -> Open | R69: =IF(AND(Q69="Open",ISNUMBER(L69),L69<TODAY()),1,0) -> 0 | S69: 0 | V69: =IF(ISNUMBER(L69),"Q"&ROUNDUP(MONTH(L69)/3,0),IF(LEFT(TRIM(CLEAN(L69)),1)="Q","Q"&VALUE(RIGHT(TRIM(CLEAN(L69)),1)),"No Date")) -> Q3
A70: =IF(A69="Item #",1,A69+1) -> 55 | B70: Energy Standardization | C70: Electrical | D70: Grounding | E70: Procurement - QCS | F70: Standardize 4.30.410 Grounding QCS to align with OGC standards, ADAPT material master, field needs - All possible materials required for installation and supplies. Goal is to use this and not clone from each project QCS | G70: Available | I70: Not Started | K70: Low | L70: Q3 | M70: =IF(K70="Critical",4,IF(K70="High",3,IF(K70="Medium",2,IF(K70="Low",1,0)))) -> 1 | N70: 0 | O70: =IF(N70="",IF(I70="Closed Out",1,IF(I70="Complete",1,IF(I70="Approved",1,IF(I70="Reviewed",1,IF(I70="In Review",0.9,IF(I70="75% Complete",0.75,IF(I70="50% Complete",0.5,IF(I70="25% Complete",0.25,IF(I70="Started",0.25,0))))))))),MAX(IF(I70="Closed Out",1,IF(I70="Complete",1,IF(I70="Approved",1,IF(I70="Reviewed",1,IF(I70="In Review",0.9,IF(I70="75% Complete",0.75,IF(I70="50% Complete",0.5,IF(I70="25% Complete",0.25,IF(I70="Started",0.25,0))))))))),N70)) -> 0 | P70: =M70*O70 -> 0 | Q70: =IF(OR(I70="Closed Out",I70="Complete",I70="Approved",I70="Reviewed"),"Closed",IF(OR(I70="HOLD",I70="Pause"),"Blocked","Open")) -> Open | R70: =IF(AND(Q70="Open",ISNUMBER(L70),L70<TODAY()),1,0) -> 0 | S70: 0 | V70: =IF(ISNUMBER(L70),"Q"&ROUNDUP(MONTH(L70)/3,0),IF(LEFT(TRIM(CLEAN(L70)),1)="Q","Q"&VALUE(RIGHT(TRIM(CLEAN(L70)),1)),"No Date")) -> Q3
A71: =IF(A70="Item #",1,A70+1) -> 56 | B71: Energy Standardization | C71: Electrical | D71: Bulk Materials | E71: Procurement - QCS | F71: Standardize 4.30.400 Electrical Bulks - Temp Power QCS to align with OGC standards, ADAPT material master, field needs - All possible materials required for installation and supplies. Goal is to use this and not clone from each project QCS | G71: Available | I71: Not Started | K71: Low | L71: Q3 | M71: =IF(K71="Critical",4,IF(K71="High",3,IF(K71="Medium",2,IF(K71="Low",1,0)))) -> 1 | N71: 0 | O71: =IF(N71="",IF(I71="Closed Out",1,IF(I71="Complete",1,IF(I71="Approved",1,IF(I71="Reviewed",1,IF(I71="In Review",0.9,IF(I71="75% Complete",0.75,IF(I71="50% Complete",0.5,IF(I71="25% Complete",0.25,IF(I71="Started",0.25,0))))))))),MAX(IF(I71="Closed Out",1,IF(I71="Complete",1,IF(I71="Approved",1,IF(I71="Reviewed",1,IF(I71="In Review",0.9,IF(I71="75% Complete",0.75,IF(I71="50% Complete",0.5,IF(I71="25% Complete",0.25,IF(I71="Started",0.25,0))))))))),N71)) -> 0 | P71: =M71*O71 -> 0 | Q71: =IF(OR(I71="Closed Out",I71="Complete",I71="Approved",I71="Reviewed"),"Closed",IF(OR(I71="HOLD",I71="Pause"),"Blocked","Open")) -> Open | R71: =IF(AND(Q71="Open",ISNUMBER(L71),L71<TODAY()),1,0) -> 0 | S71: 0 | V71: =IF(ISNUMBER(L71),"Q"&ROUNDUP(MONTH(L71)/3,0),IF(LEFT(TRIM(CLEAN(L71)),1)="Q","Q"&VALUE(RIGHT(TRIM(CLEAN(L71)),1)),"No Date")) -> Q3
A72: =IF(A71="Item #",1,A71+1) -> 57 | B72: Energy Standardization | C72: Electrical | D72: Equipment and Devices | E72: Procurement - QCS | F72: Standardize 4.30.450 Electrical Gear (Temp Power) QCS to align with OGC standards, ADAPT material master, field needs - All possible materials required for installation and supplies. Goal is to use this and not clone from each project QCS | G72: Available | I72: Not Started | K72: Low | L72: Q3 | M72: =IF(K72="Critical",4,IF(K72="High",3,IF(K72="Medium",2,IF(K72="Low",1,0)))) -> 1 | N72: 0 | O72: =IF(N72="",IF(I72="Closed Out",1,IF(I72="Complete",1,IF(I72="Approved",1,IF(I72="Reviewed",1,IF(I72="In Review",0.9,IF(I72="75% Complete",0.75,IF(I72="50% Complete",0.5,IF(I72="25% Complete",0.25,IF(I72="Started",0.25,0))))))))),MAX(IF(I72="Closed Out",1,IF(I72="Complete",1,IF(I72="Approved",1,IF(I72="Reviewed",1,IF(I72="In Review",0.9,IF(I72="75% Complete",0.75,IF(I72="50% Complete",0.5,IF(I72="25% Complete",0.25,IF(I72="Started",0.25,0))))))))),N72)) -> 0 | P72: =M72*O72 -> 0 | Q72: =IF(OR(I72="Closed Out",I72="Complete",I72="Approved",I72="Reviewed"),"Closed",IF(OR(I72="HOLD",I72="Pause"),"Blocked","Open")) -> Open | R72: =IF(AND(Q72="Open",ISNUMBER(L72),L72<TODAY()),1,0) -> 0 | S72: 0 | V72: =IF(ISNUMBER(L72),"Q"&ROUNDUP(MONTH(L72)/3,0),IF(LEFT(TRIM(CLEAN(L72)),1)="Q","Q"&VALUE(RIGHT(TRIM(CLEAN(L72)),1)),"No Date")) -> Q3
A73: =IF(A72="Item #",1,A72+1) -> 58 | B73: Indicative Tool | C73: Instrumentation and Controls | D73: Estimating | E73: Indicative Tool | F73: Importing reference projects MEL's and Index into indicative tool to generate quantities | G73: Rene Contreras | I73: Closed Out | J73: Projects: VGCP, FPLNG, CLNG, Cronus, FLNG, TXLNG, Yara | K73: High | L73: 46155 | M73: =IF(K73="Critical",4,IF(K73="High",3,IF(K73="Medium",2,IF(K73="Low",1,0)))) -> 3 | N73: 1 | O73: =IF(N73="",IF(I73="Closed Out",1,IF(I73="Complete",1,IF(I73="Approved",1,IF(I73="Reviewed",1,IF(I73="In Review",0.9,IF(I73="75% Complete",0.75,IF(I73="50% Complete",0.5,IF(I73="25% Complete",0.25,IF(I73="Started",0.25,0))))))))),MAX(IF(I73="Closed Out",1,IF(I73="Complete",1,IF(I73="Approved",1,IF(I73="Reviewed",1,IF(I73="In Review",0.9,IF(I73="75% Complete",0.75,IF(I73="50% Complete",0.5,IF(I73="25% Complete",0.25,IF(I73="Started",0.25,0))))))))),N73)) -> 1 | P73: =M73*O73 -> 3 | Q73: =IF(OR(I73="Closed Out",I73="Complete",I73="Approved",I73="Reviewed"),"Closed",IF(OR(I73="HOLD",I73="Pause"),"Blocked","Open")) -> Closed | R73: =IF(AND(Q73="Open",ISNUMBER(L73),L73<TODAY()),1,0) -> 0 | S73: 0 | V73: =IF(ISNUMBER(L73),"Q"&ROUNDUP(MONTH(L73)/3,0),IF(LEFT(TRIM(CLEAN(L73)),1)="Q","Q"&VALUE(RIGHT(TRIM(CLEAN(L73)),1)),"No Date")) -> Q2
A74: =IF(A73="Item #",1,A73+1) -> 59 | B74: TBD - Folder Not Created | C74: Instrumentation and Controls | D74: Procurement | E74: Procurement - RFQ | F74: AES Solutions - KOE Expert Analysis Cots are a "0" cost on projects right now | G74: Raul Ledezma | H74: Allen Douglas | I74: HOLD | J74: AE Solutions provides KOE with "review and expert recommendations" which is currently not quantified on estimates. research how to better add these costs through RFQ process | K74: Low | L74: Q3 | M74: =IF(K74="Critical",4,IF(K74="High",3,IF(K74="Medium",2,IF(K74="Low",1,0)))) -> 1 | N74: 0 | O74: =IF(N74="",IF(I74="Closed Out",1,IF(I74="Complete",1,IF(I74="Approved",1,IF(I74="Reviewed",1,IF(I74="In Review",0.9,IF(I74="75% Complete",0.75,IF(I74="50% Complete",0.5,IF(I74="25% Complete",0.25,IF(I74="Started",0.25,0))))))))),MAX(IF(I74="Closed Out",1,IF(I74="Complete",1,IF(I74="Approved",1,IF(I74="Reviewed",1,IF(I74="In Review",0.9,IF(I74="75% Complete",0.75,IF(I74="50% Complete",0.5,IF(I74="25% Complete",0.25,IF(I74="Started",0.25,0))))))))),N74)) -> 0 | P74: =M74*O74 -> 0 | Q74: =IF(OR(I74="Closed Out",I74="Complete",I74="Approved",I74="Reviewed"),"Closed",IF(OR(I74="HOLD",I74="Pause"),"Blocked","Open")) -> Blocked | R74: =IF(AND(Q74="Open",ISNUMBER(L74),L74<TODAY()),1,0) -> 0 | S74: 0 | V74: =IF(ISNUMBER(L74),"Q"&ROUNDUP(MONTH(L74)/3,0),IF(LEFT(TRIM(CLEAN(L74)),1)="Q","Q"&VALUE(RIGHT(TRIM(CLEAN(L74)),1)),"No Date")) -> Q3
A75: =IF(A74="Item #",1,A74+1) -> 60 | B75: Energy Standardization | C75: Electrical | D75: Wire and Cable | E75: Procurement - QCS | F75: Standardize 4.30.500 Wire and Cable QCS to align with OGC standards, ADAPT material master, field needs - All possible materials required for installation and supplies. Goal is to use this and not clone from each project QCS | G75: Available | I75: Not Started | K75: Low | L75: Q3 | M75: =IF(K75="Critical",4,IF(K75="High",3,IF(K75="Medium",2,IF(K75="Low",1,0)))) -> 1 | N75: 0 | O75: =IF(N75="",IF(I75="Closed Out",1,IF(I75="Complete",1,IF(I75="Approved",1,IF(I75="Reviewed",1,IF(I75="In Review",0.9,IF(I75="75% Complete",0.75,IF(I75="50% Complete",0.5,IF(I75="25% Complete",0.25,IF(I75="Started",0.25,0))))))))),MAX(IF(I75="Closed Out",1,IF(I75="Complete",1,IF(I75="Approved",1,IF(I75="Reviewed",1,IF(I75="In Review",0.9,IF(I75="75% Complete",0.75,IF(I75="50% Complete",0.5,IF(I75="25% Complete",0.25,IF(I75="Started",0.25,0))))))))),N75)) -> 0 | P75: =M75*O75 -> 0 | Q75: =IF(OR(I75="Closed Out",I75="Complete",I75="Approved",I75="Reviewed"),"Closed",IF(OR(I75="HOLD",I75="Pause"),"Blocked","Open")) -> Open | R75: =IF(AND(Q75="Open",ISNUMBER(L75),L75<TODAY()),1,0) -> 0 | S75: 0 | V75: =IF(ISNUMBER(L75),"Q"&ROUNDUP(MONTH(L75)/3,0),IF(LEFT(TRIM(CLEAN(L75)),1)="Q","Q"&VALUE(RIGHT(TRIM(CLEAN(L75)),1)),"No Date")) -> Q3
A76: =IF(A75="Item #",1,A75+1) -> 61 | B76: Consistency Workshop | C76: Electrical | D76: Estimating | E76: ADAPT - Assemblies / KIDs | F76: Align ADAPT with KOE Installation Details (follow Grounding method) | G76: Available | I76: HOLD | J76: Requires the completion of Grounding as a go-by | K76: High | L76: Q3 | M76: =IF(K76="Critical",4,IF(K76="High",3,IF(K76="Medium",2,IF(K76="Low",1,0)))) -> 3 | N76: 0 | O76: =IF(N76="",IF(I76="Closed Out",1,IF(I76="Complete",1,IF(I76="Approved",1,IF(I76="Reviewed",1,IF(I76="In Review",0.9,IF(I76="75% Complete",0.75,IF(I76="50% Complete",0.5,IF(I76="25% Complete",0.25,IF(I76="Started",0.25,0))))))))),MAX(IF(I76="Closed Out",1,IF(I76="Complete",1,IF(I76="Approved",1,IF(I76="Reviewed",1,IF(I76="In Review",0.9,IF(I76="75% Complete",0.75,IF(I76="50% Complete",0.5,IF(I76="25% Complete",0.25,IF(I76="Started",0.25,0))))))))),N76)) -> 0 | P76: =M76*O76 -> 0 | Q76: =IF(OR(I76="Closed Out",I76="Complete",I76="Approved",I76="Reviewed"),"Closed",IF(OR(I76="HOLD",I76="Pause"),"Blocked","Open")) -> Blocked | R76: =IF(AND(Q76="Open",ISNUMBER(L76),L76<TODAY()),1,0) -> 0 | S76: 0 | V76: =IF(ISNUMBER(L76),"Q"&ROUNDUP(MONTH(L76)/3,0),IF(LEFT(TRIM(CLEAN(L76)),1)="Q","Q"&VALUE(RIGHT(TRIM(CLEAN(L76)),1)),"No Date")) -> Q3
A77: =IF(A76="Item #",1,A76+1) -> 62 | B77: Consistency Workshop | C77: Electrical | D77: Cathodic Protection | E77: Training Improvement IO 101023951 | F77: Align on "cradle to grave" of this Catgory and identify Action Items | G77: Available | I77: HOLD | J77: Requires the completion of Grounding as a go-by | K77: High | L77: Q3 | M77: =IF(K77="Critical",4,IF(K77="High",3,IF(K77="Medium",2,IF(K77="Low",1,0)))) -> 3 | N77: 0 | O77: =IF(N77="",IF(I77="Closed Out",1,IF(I77="Complete",1,IF(I77="Approved",1,IF(I77="Reviewed",1,IF(I77="In Review",0.9,IF(I77="75% Complete",0.75,IF(I77="50% Complete",0.5,IF(I77="25% Complete",0.25,IF(I77="Started",0.25,0))))))))),MAX(IF(I77="Closed Out",1,IF(I77="Complete",1,IF(I77="Approved",1,IF(I77="Reviewed",1,IF(I77="In Review",0.9,IF(I77="75% Complete",0.75,IF(I77="50% Complete",0.5,IF(I77="25% Complete",0.25,IF(I77="Started",0.25,0))))))))),N77)) -> 0 | P77: =M77*O77 -> 0 | Q77: =IF(OR(I77="Closed Out",I77="Complete",I77="Approved",I77="Reviewed"),"Closed",IF(OR(I77="HOLD",I77="Pause"),"Blocked","Open")) -> Blocked | R77: =IF(AND(Q77="Open",ISNUMBER(L77),L77<TODAY()),1,0) -> 0 | S77: 0 | V77: =IF(ISNUMBER(L77),"Q"&ROUNDUP(MONTH(L77)/3,0),IF(LEFT(TRIM(CLEAN(L77)),1)="Q","Q"&VALUE(RIGHT(TRIM(CLEAN(L77)),1)),"No Date")) -> Q3
A78: =IF(A77="Item #",1,A77+1) -> 63 | B78: Energy Standardization | C78: E&I Department | D78: Estimating | E78: Estimate Basis | F78: Create standards - what is on/off modules - what to include, how to take it off, and how to report to Module Team | G78: Available | I78: HOLD | J78: Needs all estimating manuals completed first for takeoff before we can complete this item | K78: High | L78: Q3 | M78: =IF(K78="Critical",4,IF(K78="High",3,IF(K78="Medium",2,IF(K78="Low",1,0)))) -> 3 | N78: 0 | O78: =IF(N78="",IF(I78="Closed Out",1,IF(I78="Complete",1,IF(I78="Approved",1,IF(I78="Reviewed",1,IF(I78="In Review",0.9,IF(I78="75% Complete",0.75,IF(I78="50% Complete",0.5,IF(I78="25% Complete",0.25,IF(I78="Started",0.25,0))))))))),MAX(IF(I78="Closed Out",1,IF(I78="Complete",1,IF(I78="Approved",1,IF(I78="Reviewed",1,IF(I78="In Review",0.9,IF(I78="75% Complete",0.75,IF(I78="50% Complete",0.5,IF(I78="25% Complete",0.25,IF(I78="Started",0.25,0))))))))),N78)) -> 0 | P78: =M78*O78 -> 0 | Q78: =IF(OR(I78="Closed Out",I78="Complete",I78="Approved",I78="Reviewed"),"Closed",IF(OR(I78="HOLD",I78="Pause"),"Blocked","Open")) -> Blocked | R78: =IF(AND(Q78="Open",ISNUMBER(L78),L78<TODAY()),1,0) -> 0 | S78: 0 | V78: =IF(ISNUMBER(L78),"Q"&ROUNDUP(MONTH(L78)/3,0),IF(LEFT(TRIM(CLEAN(L78)),1)="Q","Q"&VALUE(RIGHT(TRIM(CLEAN(L78)),1)),"No Date")) -> Q3
A79: =IF(A78="Item #",1,A78+1) -> 64 | B79: Energy Standardization | C79: Electrical | D79: Terminations | E79: Procurement - QCS | F79: Standardize 4.20.485 Hi-Pot Testing QCS to align with OGC standards, ADAPT material master, field needs - All possible materials required for installation and supplies. Goal is to use this and not clone from each project QCS | G79: Keshika Nath Varma | I79: Not Started | K79: Low | L79: Q3 | M79: =IF(K79="Critical",4,IF(K79="High",3,IF(K79="Medium",2,IF(K79="Low",1,0)))) -> 1 | N79: 0 | O79: =IF(N79="",IF(I79="Closed Out",1,IF(I79="Complete",1,IF(I79="Approved",1,IF(I79="Reviewed",1,IF(I79="In Review",0.9,IF(I79="75% Complete",0.75,IF(I79="50% Complete",0.5,IF(I79="25% Complete",0.25,IF(I79="Started",0.25,0))))))))),MAX(IF(I79="Closed Out",1,IF(I79="Complete",1,IF(I79="Approved",1,IF(I79="Reviewed",1,IF(I79="In Review",0.9,IF(I79="75% Complete",0.75,IF(I79="50% Complete",0.5,IF(I79="25% Complete",0.25,IF(I79="Started",0.25,0))))))))),N79)) -> 0 | P79: =M79*O79 -> 0 | Q79: =IF(OR(I79="Closed Out",I79="Complete",I79="Approved",I79="Reviewed"),"Closed",IF(OR(I79="HOLD",I79="Pause"),"Blocked","Open")) -> Open | R79: =IF(AND(Q79="Open",ISNUMBER(L79),L79<TODAY()),1,0) -> 0 | S79: 0 | V79: =IF(ISNUMBER(L79),"Q"&ROUNDUP(MONTH(L79)/3,0),IF(LEFT(TRIM(CLEAN(L79)),1)="Q","Q"&VALUE(RIGHT(TRIM(CLEAN(L79)),1)),"No Date")) -> Q3
A80: =IF(A79="Item #",1,A79+1) -> 65 | B80: Energy Standardization | C80: Electrical | D80: Sub - Supply & Installation | E80: Procedure (OGC) | F80: Create standard and QCS on - Subcontractor install/supply electrical & instrumentation for all labor on all OGC work | G80: Keshika Nath Varma | I80: Not Started | K80: Low | L80: Q3 | M80: =IF(K80="Critical",4,IF(K80="High",3,IF(K80="Medium",2,IF(K80="Low",1,0)))) -> 1 | N80: 0 | O80: =IF(N80="",IF(I80="Closed Out",1,IF(I80="Complete",1,IF(I80="Approved",1,IF(I80="Reviewed",1,IF(I80="In Review",0.9,IF(I80="75% Complete",0.75,IF(I80="50% Complete",0.5,IF(I80="25% Complete",0.25,IF(I80="Started",0.25,0))))))))),MAX(IF(I80="Closed Out",1,IF(I80="Complete",1,IF(I80="Approved",1,IF(I80="Reviewed",1,IF(I80="In Review",0.9,IF(I80="75% Complete",0.75,IF(I80="50% Complete",0.5,IF(I80="25% Complete",0.25,IF(I80="Started",0.25,0))))))))),N80)) -> 0 | P80: =M80*O80 -> 0 | Q80: =IF(OR(I80="Closed Out",I80="Complete",I80="Approved",I80="Reviewed"),"Closed",IF(OR(I80="HOLD",I80="Pause"),"Blocked","Open")) -> Open | R80: =IF(AND(Q80="Open",ISNUMBER(L80),L80<TODAY()),1,0) -> 0 | S80: 0 | V80: =IF(ISNUMBER(L80),"Q"&ROUNDUP(MONTH(L80)/3,0),IF(LEFT(TRIM(CLEAN(L80)),1)="Q","Q"&VALUE(RIGHT(TRIM(CLEAN(L80)),1)),"No Date")) -> Q3
A81: =IF(A80="Item #",1,A80+1) -> 66 | B81: Energy Standardization | C81: Electrical | D81: Cable Tray | E81: Procurement - QCS | F81: Standardize 4.30.560 Cable Tray QCS to align with OGC standards, ADAPT material master, field needs - All possible materials required for installation and supplies. Goal is to use this and not clone from each project QCS | G81: Andy Baruth | I81: HOLD | J81: QCS crreated and updated to ADAPT but need to link to materials and peer review and send to Procurement Team | K81: Low | L81: Q3 | M81: =IF(K81="Critical",4,IF(K81="High",3,IF(K81="Medium",2,IF(K81="Low",1,0)))) -> 1 | N81: 0 | O81: =IF(N81="",IF(I81="Closed Out",1,IF(I81="Complete",1,IF(I81="Approved",1,IF(I81="Reviewed",1,IF(I81="In Review",0.9,IF(I81="75% Complete",0.75,IF(I81="50% Complete",0.5,IF(I81="25% Complete",0.25,IF(I81="Started",0.25,0))))))))),MAX(IF(I81="Closed Out",1,IF(I81="Complete",1,IF(I81="Approved",1,IF(I81="Reviewed",1,IF(I81="In Review",0.9,IF(I81="75% Complete",0.75,IF(I81="50% Complete",0.5,IF(I81="25% Complete",0.25,IF(I81="Started",0.25,0))))))))),N81)) -> 0 | P81: =M81*O81 -> 0 | Q81: =IF(OR(I81="Closed Out",I81="Complete",I81="Approved",I81="Reviewed"),"Closed",IF(OR(I81="HOLD",I81="Pause"),"Blocked","Open")) -> Blocked | R81: =IF(AND(Q81="Open",ISNUMBER(L81),L81<TODAY()),1,0) -> 0 | S81: 0 | V81: =IF(ISNUMBER(L81),"Q"&ROUNDUP(MONTH(L81)/3,0),IF(LEFT(TRIM(CLEAN(L81)),1)="Q","Q"&VALUE(RIGHT(TRIM(CLEAN(L81)),1)),"No Date")) -> Q3
A82: =IF(A81="Item #",1,A81+1) -> 67 | B82: Energy Standardization | C82: Electrical | D82: Construction | E82: Procedure (OGC) | F82: Create a procedure standardizing construction power - all inclusive - We have KPE one that needs to be updated and modified. Also need to standardize switchgear type packaged equipment, and SOOW cord wiring for equipment in the field (end to end with slack) | G82: Available | I82: Not Started | K82: Medium | M82: =IF(K82="Critical",4,IF(K82="High",3,IF(K82="Medium",2,IF(K82="Low",1,0)))) -> 2 | N82: 0 | O82: =IF(N82="",IF(I82="Closed Out",1,IF(I82="Complete",1,IF(I82="Approved",1,IF(I82="Reviewed",1,IF(I82="In Review",0.9,IF(I82="75% Complete",0.75,IF(I82="50% Complete",0.5,IF(I82="25% Complete",0.25,IF(I82="Started",0.25,0))))))))),MAX(IF(I82="Closed Out",1,IF(I82="Complete",1,IF(I82="Approved",1,IF(I82="Reviewed",1,IF(I82="In Review",0.9,IF(I82="75% Complete",0.75,IF(I82="50% Complete",0.5,IF(I82="25% Complete",0.25,IF(I82="Started",0.25,0))))))))),N82)) -> 0 | P82: =M82*O82 -> 0 | Q82: =IF(OR(I82="Closed Out",I82="Complete",I82="Approved",I82="Reviewed"),"Closed",IF(OR(I82="HOLD",I82="Pause"),"Blocked","Open")) -> Open | R82: =IF(AND(Q82="Open",ISNUMBER(L82),L82<TODAY()),1,0) -> 0 | S82: 0 | V82: =IF(ISNUMBER(L82),"Q"&ROUNDUP(MONTH(L82)/3,0),IF(LEFT(TRIM(CLEAN(L82)),1)="Q","Q"&VALUE(RIGHT(TRIM(CLEAN(L82)),1)),"No Date")) -> No Date
A83: =IF(A82="Item #",1,A82+1) -> 68 | B83: TBD - Folder Not Created | C83: E&I Department | D83: Engineering | E83: Procedure (OGC) | F83: Turn A/R material into known quantities - Align with Engineering | G83: Available | I83: Not Started | J83: both S3D and ADAPT need real quantites and should match when takeoffs are performed. Updates will need to be required to all KEGI insatallation details. | K83: Medium | L83: Q3 | M83: =IF(K83="Critical",4,IF(K83="High",3,IF(K83="Medium",2,IF(K83="Low",1,0)))) -> 2 | N83: 0 | O83: =IF(N83="",IF(I83="Closed Out",1,IF(I83="Complete",1,IF(I83="Approved",1,IF(I83="Reviewed",1,IF(I83="In Review",0.9,IF(I83="75% Complete",0.75,IF(I83="50% Complete",0.5,IF(I83="25% Complete",0.25,IF(I83="Started",0.25,0))))))))),MAX(IF(I83="Closed Out",1,IF(I83="Complete",1,IF(I83="Approved",1,IF(I83="Reviewed",1,IF(I83="In Review",0.9,IF(I83="75% Complete",0.75,IF(I83="50% Complete",0.5,IF(I83="25% Complete",0.25,IF(I83="Started",0.25,0))))))))),N83)) -> 0 | P83: =M83*O83 -> 0 | Q83: =IF(OR(I83="Closed Out",I83="Complete",I83="Approved",I83="Reviewed"),"Closed",IF(OR(I83="HOLD",I83="Pause"),"Blocked","Open")) -> Open | R83: =IF(AND(Q83="Open",ISNUMBER(L83),L83<TODAY()),1,0) -> 0 | S83: 0 | V83: =IF(ISNUMBER(L83),"Q"&ROUNDUP(MONTH(L83)/3,0),IF(LEFT(TRIM(CLEAN(L83)),1)="Q","Q"&VALUE(RIGHT(TRIM(CLEAN(L83)),1)),"No Date")) -> Q3
A84: =IF(A83="Item #",1,A83+1) -> 69 | B84: TBD - Folder Not Created | C84: E&I Department | D84: Bulk Materials | E84: Procedure (OGC) | F84: Consumables Procedures | G84: Ahmed Sherif | I84: 25% Complete | J84: understand and discuss how to best capture consumables such as lubricant for wire and cable pulling, terimation coatings, etc. | K84: Medium | L84: Q3 | M84: =IF(K84="Critical",4,IF(K84="High",3,IF(K84="Medium",2,IF(K84="Low",1,0)))) -> 2 | N84: 0 | O84: =IF(N84="",IF(I84="Closed Out",1,IF(I84="Complete",1,IF(I84="Approved",1,IF(I84="Reviewed",1,IF(I84="In Review",0.9,IF(I84="75% Complete",0.75,IF(I84="50% Complete",0.5,IF(I84="25% Complete",0.25,IF(I84="Started",0.25,0))))))))),MAX(IF(I84="Closed Out",1,IF(I84="Complete",1,IF(I84="Approved",1,IF(I84="Reviewed",1,IF(I84="In Review",0.9,IF(I84="75% Complete",0.75,IF(I84="50% Complete",0.5,IF(I84="25% Complete",0.25,IF(I84="Started",0.25,0))))))))),N84)) -> 0.25 | P84: =M84*O84 -> 0.5 | Q84: =IF(OR(I84="Closed Out",I84="Complete",I84="Approved",I84="Reviewed"),"Closed",IF(OR(I84="HOLD",I84="Pause"),"Blocked","Open")) -> Open | R84: =IF(AND(Q84="Open",ISNUMBER(L84),L84<TODAY()),1,0) -> 0 | S84: 0 | V84: =IF(ISNUMBER(L84),"Q"&ROUNDUP(MONTH(L84)/3,0),IF(LEFT(TRIM(CLEAN(L84)),1)="Q","Q"&VALUE(RIGHT(TRIM(CLEAN(L84)),1)),"No Date")) -> Q3
A85: =IF(A84="Item #",1,A84+1) -> 70 | B85: TBD - Folder Not Created | C85: Electrical | D85: Grounding | E85: Procedure (OGC) | F85: Ratios for tieing ground connections | G85: Available | I85: Not Started | J85: currently everything is built on perfect installations. it is known that cable reels are limited and transitions of cable require additional material (4/0 to 4/0 compression connections). Discuss and plan how to implement a ratio or understand that it is acceptable as part of waste percentages. The answer needs to be part of procedure. | K85: Medium | L85: Q3 | M85: =IF(K85="Critical",4,IF(K85="High",3,IF(K85="Medium",2,IF(K85="Low",1,0)))) -> 2 | N85: 0 | O85: =IF(N85="",IF(I85="Closed Out",1,IF(I85="Complete",1,IF(I85="Approved",1,IF(I85="Reviewed",1,IF(I85="In Review",0.9,IF(I85="75% Complete",0.75,IF(I85="50% Complete",0.5,IF(I85="25% Complete",0.25,IF(I85="Started",0.25,0))))))))),MAX(IF(I85="Closed Out",1,IF(I85="Complete",1,IF(I85="Approved",1,IF(I85="Reviewed",1,IF(I85="In Review",0.9,IF(I85="75% Complete",0.75,IF(I85="50% Complete",0.5,IF(I85="25% Complete",0.25,IF(I85="Started",0.25,0))))))))),N85)) -> 0 | P85: =M85*O85 -> 0 | Q85: =IF(OR(I85="Closed Out",I85="Complete",I85="Approved",I85="Reviewed"),"Closed",IF(OR(I85="HOLD",I85="Pause"),"Blocked","Open")) -> Open | R85: =IF(AND(Q85="Open",ISNUMBER(L85),L85<TODAY()),1,0) -> 0 | S85: 0 | V85: =IF(ISNUMBER(L85),"Q"&ROUNDUP(MONTH(L85)/3,0),IF(LEFT(TRIM(CLEAN(L85)),1)="Q","Q"&VALUE(RIGHT(TRIM(CLEAN(L85)),1)),"No Date")) -> Q3
A86: =IF(A85="Item #",1,A85+1) -> 71 | B86: Indicative Tool | C86: Electrical | D86: Estimating | E86: Indicative Tool | F86: Electrical Indicative Tool | G86: Dilan Centeno | H86: Ali Malik | I86: Closed Out | J86: 05/06/2026, moved to the below link. This still requires quarterly maintainance. https://portal.kiewit.com/:f:/r/sites/1EElectrical/Shared%20Documents/1E%20Electrical%20and%20Instrumentation%20-%20Department%20Homepage/02.%20Standards/05.%20Indicative%20Tools/01.%20Electrical?csf=1&web=1&e=5XuCO7 | K86: Critical | M86: =IF(K86="Critical",4,IF(K86="High",3,IF(K86="Medium",2,IF(K86="Low",1,0)))) -> 4 | N86: 1 | O86: =IF(N86="",IF(I86="Closed Out",1,IF(I86="Complete",1,IF(I86="Approved",1,IF(I86="Reviewed",1,IF(I86="In Review",0.9,IF(I86="75% Complete",0.75,IF(I86="50% Complete",0.5,IF(I86="25% Complete",0.25,IF(I86="Started",0.25,0))))))))),MAX(IF(I86="Closed Out",1,IF(I86="Complete",1,IF(I86="Approved",1,IF(I86="Reviewed",1,IF(I86="In Review",0.9,IF(I86="75% Complete",0.75,IF(I86="50% Complete",0.5,IF(I86="25% Complete",0.25,IF(I86="Started",0.25,0))))))))),N86)) -> 1 | P86: =M86*O86 -> 4 | Q86: =IF(OR(I86="Closed Out",I86="Complete",I86="Approved",I86="Reviewed"),"Closed",IF(OR(I86="HOLD",I86="Pause"),"Blocked","Open")) -> Closed | R86: =IF(AND(Q86="Open",ISNUMBER(L86),L86<TODAY()),1,0) -> 0 | S86: 0 | V86: =IF(ISNUMBER(L86),"Q"&ROUNDUP(MONTH(L86)/3,0),IF(LEFT(TRIM(CLEAN(L86)),1)="Q","Q"&VALUE(RIGHT(TRIM(CLEAN(L86)),1)),"No Date")) -> No Date
A87: =IF(A86="Item #",1,A86+1) -> 72 | B87: Indicative Tool | C87: Electrical | D87: Estimating | E87: Indicative Tool | F87: Electrical Indicative Tool Procedure | G87: Dilan Centeno | H87: Ali Malik | I87: Not Started | J87: Review KPE procedure during bluebeam session (upcoming) | K87: Low | L87: Q3 | M87: =IF(K87="Critical",4,IF(K87="High",3,IF(K87="Medium",2,IF(K87="Low",1,0)))) -> 1 | N87: 0 | O87: =IF(N87="",IF(I87="Closed Out",1,IF(I87="Complete",1,IF(I87="Approved",1,IF(I87="Reviewed",1,IF(I87="In Review",0.9,IF(I87="75% Complete",0.75,IF(I87="50% Complete",0.5,IF(I87="25% Complete",0.25,IF(I87="Started",0.25,0))))))))),MAX(IF(I87="Closed Out",1,IF(I87="Complete",1,IF(I87="Approved",1,IF(I87="Reviewed",1,IF(I87="In Review",0.9,IF(I87="75% Complete",0.75,IF(I87="50% Complete",0.5,IF(I87="25% Complete",0.25,IF(I87="Started",0.25,0))))))))),N87)) -> 0 | P87: =M87*O87 -> 0 | Q87: =IF(OR(I87="Closed Out",I87="Complete",I87="Approved",I87="Reviewed"),"Closed",IF(OR(I87="HOLD",I87="Pause"),"Blocked","Open")) -> Open | R87: =IF(AND(Q87="Open",ISNUMBER(L87),L87<TODAY()),1,0) -> 0 | S87: 0 | V87: =IF(ISNUMBER(L87),"Q"&ROUNDUP(MONTH(L87)/3,0),IF(LEFT(TRIM(CLEAN(L87)),1)="Q","Q"&VALUE(RIGHT(TRIM(CLEAN(L87)),1)),"No Date")) -> Q3
A88: =IF(A87="Item #",1,A87+1) -> 73 | B88: White Paper Reports | C88: E&I Department | D88: Estimating | E88: Lessons Learned / White Paper | F88: Improve account code documentation notes from site visit | G88: Allen Douglas | I88: In Review | J88: Due before next week Wholesale Electric meeting Review Labor Rates findings and make suggested changes (separate white paper) | K88: Critical | L88: 46157 | M88: =IF(K88="Critical",4,IF(K88="High",3,IF(K88="Medium",2,IF(K88="Low",1,0)))) -> 4 | N88: 0.5 | O88: =IF(N88="",IF(I88="Closed Out",1,IF(I88="Complete",1,IF(I88="Approved",1,IF(I88="Reviewed",1,IF(I88="In Review",0.9,IF(I88="75% Complete",0.75,IF(I88="50% Complete",0.5,IF(I88="25% Complete",0.25,IF(I88="Started",0.25,0))))))))),MAX(IF(I88="Closed Out",1,IF(I88="Complete",1,IF(I88="Approved",1,IF(I88="Reviewed",1,IF(I88="In Review",0.9,IF(I88="75% Complete",0.75,IF(I88="50% Complete",0.5,IF(I88="25% Complete",0.25,IF(I88="Started",0.25,0))))))))),N88)) -> 0.9 | P88: =M88*O88 -> 3.6 | Q88: =IF(OR(I88="Closed Out",I88="Complete",I88="Approved",I88="Reviewed"),"Closed",IF(OR(I88="HOLD",I88="Pause"),"Blocked","Open")) -> Open | R88: =IF(AND(Q88="Open",ISNUMBER(L88),L88<TODAY()),1,0) -> 1 | S88: 0 | V88: =IF(ISNUMBER(L88),"Q"&ROUNDUP(MONTH(L88)/3,0),IF(LEFT(TRIM(CLEAN(L88)),1)="Q","Q"&VALUE(RIGHT(TRIM(CLEAN(L88)),1)),"No Date")) -> Q2
A89: =IF(A88="Item #",1,A88+1) -> 74 | B89: Indicative Tool | C89: Instrumentation and Controls | D89: Estimating | E89: Indicative Tool | F89: Generation of Instruments and MEL quantities Tables from Reference projects. | G89: Rene Contreras | I89: Closed Out | J89: Projects: VGCP, FPLNG, CLNG, Cronus, FLNG, TXLNG, Yara Only Amonia type of plant is left to be included in the procedure. Expected to be added by May 1st. | K89: High | L89: 46157 | M89: =IF(K89="Critical",4,IF(K89="High",3,IF(K89="Medium",2,IF(K89="Low",1,0)))) -> 3 | N89: 1 | O89: =IF(N89="",IF(I89="Closed Out",1,IF(I89="Complete",1,IF(I89="Approved",1,IF(I89="Reviewed",1,IF(I89="In Review",0.9,IF(I89="75% Complete",0.75,IF(I89="50% Complete",0.5,IF(I89="25% Complete",0.25,IF(I89="Started",0.25,0))))))))),MAX(IF(I89="Closed Out",1,IF(I89="Complete",1,IF(I89="Approved",1,IF(I89="Reviewed",1,IF(I89="In Review",0.9,IF(I89="75% Complete",0.75,IF(I89="50% Complete",0.5,IF(I89="25% Complete",0.25,IF(I89="Started",0.25,0))))))))),N89)) -> 1 | P89: =M89*O89 -> 3 | Q89: =IF(OR(I89="Closed Out",I89="Complete",I89="Approved",I89="Reviewed"),"Closed",IF(OR(I89="HOLD",I89="Pause"),"Blocked","Open")) -> Closed | R89: =IF(AND(Q89="Open",ISNUMBER(L89),L89<TODAY()),1,0) -> 0 | S89: 0 | V89: =IF(ISNUMBER(L89),"Q"&ROUNDUP(MONTH(L89)/3,0),IF(LEFT(TRIM(CLEAN(L89)),1)="Q","Q"&VALUE(RIGHT(TRIM(CLEAN(L89)),1)),"No Date")) -> Q2
A90: =IF(A89="Item #",1,A89+1) -> 75 | B90: Cable Automation | C90: Electrical | D90: Wire and Cable | E90: Cable List | F90: Power Cable Basis (By Equipment) | G90: Mohan Murugesan | I90: Closed Out | J90: Sets standard power cables to be used for estimating per Estimate Basis New Action to Tyler | K90: Low | M90: =IF(K90="Critical",4,IF(K90="High",3,IF(K90="Medium",2,IF(K90="Low",1,0)))) -> 1 | N90: 1 | O90: =IF(N90="",IF(I90="Closed Out",1,IF(I90="Complete",1,IF(I90="Approved",1,IF(I90="Reviewed",1,IF(I90="In Review",0.9,IF(I90="75% Complete",0.75,IF(I90="50% Complete",0.5,IF(I90="25% Complete",0.25,IF(I90="Started",0.25,0))))))))),MAX(IF(I90="Closed Out",1,IF(I90="Complete",1,IF(I90="Approved",1,IF(I90="Reviewed",1,IF(I90="In Review",0.9,IF(I90="75% Complete",0.75,IF(I90="50% Complete",0.5,IF(I90="25% Complete",0.25,IF(I90="Started",0.25,0))))))))),N90)) -> 1 | P90: =M90*O90 -> 1 | Q90: =IF(OR(I90="Closed Out",I90="Complete",I90="Approved",I90="Reviewed"),"Closed",IF(OR(I90="HOLD",I90="Pause"),"Blocked","Open")) -> Closed | R90: =IF(AND(Q90="Open",ISNUMBER(L90),L90<TODAY()),1,0) -> 0 | S90: 0 | V90: =IF(ISNUMBER(L90),"Q"&ROUNDUP(MONTH(L90)/3,0),IF(LEFT(TRIM(CLEAN(L90)),1)="Q","Q"&VALUE(RIGHT(TRIM(CLEAN(L90)),1)),"No Date")) -> No Date
A91: =IF(A90="Item #",1,A90+1) -> 76 | B91: Cable Automation | C91: Electrical | D91: Wire and Cable | E91: Cable List | F91: Automated Cable List | G91: Mohan Murugesan | I91: Closed Out | J91: Automates the cables required by equpment using the "Power Cable Basis (By Equipment)" spreadsheet New Action to Tyler | K91: Low | M91: =IF(K91="Critical",4,IF(K91="High",3,IF(K91="Medium",2,IF(K91="Low",1,0)))) -> 1 | N91: 1 | O91: =IF(N91="",IF(I91="Closed Out",1,IF(I91="Complete",1,IF(I91="Approved",1,IF(I91="Reviewed",1,IF(I91="In Review",0.9,IF(I91="75% Complete",0.75,IF(I91="50% Complete",0.5,IF(I91="25% Complete",0.25,IF(I91="Started",0.25,0))))))))),MAX(IF(I91="Closed Out",1,IF(I91="Complete",1,IF(I91="Approved",1,IF(I91="Reviewed",1,IF(I91="In Review",0.9,IF(I91="75% Complete",0.75,IF(I91="50% Complete",0.5,IF(I91="25% Complete",0.25,IF(I91="Started",0.25,0))))))))),N91)) -> 1 | P91: =M91*O91 -> 1 | Q91: =IF(OR(I91="Closed Out",I91="Complete",I91="Approved",I91="Reviewed"),"Closed",IF(OR(I91="HOLD",I91="Pause"),"Blocked","Open")) -> Closed | R91: =IF(AND(Q91="Open",ISNUMBER(L91),L91<TODAY()),1,0) -> 0 | S91: 0 | V91: =IF(ISNUMBER(L91),"Q"&ROUNDUP(MONTH(L91)/3,0),IF(LEFT(TRIM(CLEAN(L91)),1)="Q","Q"&VALUE(RIGHT(TRIM(CLEAN(L91)),1)),"No Date")) -> No Date
A92: =IF(A91="Item #",1,A91+1) -> 77 | B92: Vendor Presentations | C92: E&I Department | D92: Estimating | E92: Presentation | F92: Vendor Visit Presenation - Fill Out Who | G92: Rasheed Oduro | I92: 75% Complete | J92: Full time KNS support, set to begin oo after supoort has ended 6/19 - Needs review with Raul | K92: Low | M92: =IF(K92="Critical",4,IF(K92="High",3,IF(K92="Medium",2,IF(K92="Low",1,0)))) -> 1 | N92: 0.75 | O92: =IF(N92="",IF(I92="Closed Out",1,IF(I92="Complete",1,IF(I92="Approved",1,IF(I92="Reviewed",1,IF(I92="In Review",0.9,IF(I92="75% Complete",0.75,IF(I92="50% Complete",0.5,IF(I92="25% Complete",0.25,IF(I92="Started",0.25,0))))))))),MAX(IF(I92="Closed Out",1,IF(I92="Complete",1,IF(I92="Approved",1,IF(I92="Reviewed",1,IF(I92="In Review",0.9,IF(I92="75% Complete",0.75,IF(I92="50% Complete",0.5,IF(I92="25% Complete",0.25,IF(I92="Started",0.25,0))))))))),N92)) -> 0.75 | P92: =M92*O92 -> 0.75 | Q92: =IF(OR(I92="Closed Out",I92="Complete",I92="Approved",I92="Reviewed"),"Closed",IF(OR(I92="HOLD",I92="Pause"),"Blocked","Open")) -> Open | R92: =IF(AND(Q92="Open",ISNUMBER(L92),L92<TODAY()),1,0) -> 0 | S92: 0 | V92: =IF(ISNUMBER(L92),"Q"&ROUNDUP(MONTH(L92)/3,0),IF(LEFT(TRIM(CLEAN(L92)),1)="Q","Q"&VALUE(RIGHT(TRIM(CLEAN(L92)),1)),"No Date")) -> No Date
A93: =IF(A92="Item #",1,A92+1) -> 78 | B93: Moved - Procurement Standard | C93: Instrumentation and Controls | D93: Procurement | E93: OGC Estimate Checklist | F93: I&C Procurement DOR | G93: Rasheed Oduro | I93: Closed Out | J93: Confrim this is complete and notate where its now located on SharePoint for use…or did it get owned by procurement? | K93: High | M93: =IF(K93="Critical",4,IF(K93="High",3,IF(K93="Medium",2,IF(K93="Low",1,0)))) -> 3 | N93: 1 | O93: =IF(N93="",IF(I93="Closed Out",1,IF(I93="Complete",1,IF(I93="Approved",1,IF(I93="Reviewed",1,IF(I93="In Review",0.9,IF(I93="75% Complete",0.75,IF(I93="50% Complete",0.5,IF(I93="25% Complete",0.25,IF(I93="Started",0.25,0))))))))),MAX(IF(I93="Closed Out",1,IF(I93="Complete",1,IF(I93="Approved",1,IF(I93="Reviewed",1,IF(I93="In Review",0.9,IF(I93="75% Complete",0.75,IF(I93="50% Complete",0.5,IF(I93="25% Complete",0.25,IF(I93="Started",0.25,0))))))))),N93)) -> 1 | P93: =M93*O93 -> 3 | Q93: =IF(OR(I93="Closed Out",I93="Complete",I93="Approved",I93="Reviewed"),"Closed",IF(OR(I93="HOLD",I93="Pause"),"Blocked","Open")) -> Closed | R93: =IF(AND(Q93="Open",ISNUMBER(L93),L93<TODAY()),1,0) -> 0 | S93: 0 | V93: =IF(ISNUMBER(L93),"Q"&ROUNDUP(MONTH(L93)/3,0),IF(LEFT(TRIM(CLEAN(L93)),1)="Q","Q"&VALUE(RIGHT(TRIM(CLEAN(L93)),1)),"No Date")) -> No Date
A94: =IF(A93="Item #",1,A93+1) -> 79 | B94: Energy Standardization | C94: Electrical | D94: Lightning Protection | E94: Procurement - QCS | F94: Standardize 4.20.355 Lightning Protection QCS to align with OGC standards, ADAPT material master, field needs - All possible materials required for installation and supplies. Goal is to use this and not clone from each project QCS | G94: Rasheed Oduro | I94: Pause | J94: 6/17 - Spoke with Kevin through Teams. Installation details and procedures are in the toolbox 6/22 - Looking over 000000-EL-DTL-300x_Lightning Protection System (LPS) - Installation Typical Details Drawings | K94: Low | L94: Q3 | M94: =IF(K94="Critical",4,IF(K94="High",3,IF(K94="Medium",2,IF(K94="Low",1,0)))) -> 1 | N94: 0 | O94: =IF(N94="",IF(I94="Closed Out",1,IF(I94="Complete",1,IF(I94="Approved",1,IF(I94="Reviewed",1,IF(I94="In Review",0.9,IF(I94="75% Complete",0.75,IF(I94="50% Complete",0.5,IF(I94="25% Complete",0.25,IF(I94="Started",0.25,0))))))))),MAX(IF(I94="Closed Out",1,IF(I94="Complete",1,IF(I94="Approved",1,IF(I94="Reviewed",1,IF(I94="In Review",0.9,IF(I94="75% Complete",0.75,IF(I94="50% Complete",0.5,IF(I94="25% Complete",0.25,IF(I94="Started",0.25,0))))))))),N94)) -> 0 | P94: =M94*O94 -> 0 | Q94: =IF(OR(I94="Closed Out",I94="Complete",I94="Approved",I94="Reviewed"),"Closed",IF(OR(I94="HOLD",I94="Pause"),"Blocked","Open")) -> Blocked | R94: =IF(AND(Q94="Open",ISNUMBER(L94),L94<TODAY()),1,0) -> 0 | S94: 0 | V94: =IF(ISNUMBER(L94),"Q"&ROUNDUP(MONTH(L94)/3,0),IF(LEFT(TRIM(CLEAN(L94)),1)="Q","Q"&VALUE(RIGHT(TRIM(CLEAN(L94)),1)),"No Date")) -> Q3
A95: =IF(A94="Item #",1,A94+1) -> 80 | B95: Indicative Tool | C95: E&I Department | D95: Department | E95: Indicative Tool | F95: Generation of information for Indicative report from MEL and Instrument Index | G95: Rasheed Oduro | I95: Closed Out | K95: Low | M95: =IF(K95="Critical",4,IF(K95="High",3,IF(K95="Medium",2,IF(K95="Low",1,0)))) -> 1 | N95: 1 | O95: =IF(N95="",IF(I95="Closed Out",1,IF(I95="Complete",1,IF(I95="Approved",1,IF(I95="Reviewed",1,IF(I95="In Review",0.9,IF(I95="75% Complete",0.75,IF(I95="50% Complete",0.5,IF(I95="25% Complete",0.25,IF(I95="Started",0.25,0))))))))),MAX(IF(I95="Closed Out",1,IF(I95="Complete",1,IF(I95="Approved",1,IF(I95="Reviewed",1,IF(I95="In Review",0.9,IF(I95="75% Complete",0.75,IF(I95="50% Complete",0.5,IF(I95="25% Complete",0.25,IF(I95="Started",0.25,0))))))))),N95)) -> 1 | P95: =M95*O95 -> 1 | Q95: =IF(OR(I95="Closed Out",I95="Complete",I95="Approved",I95="Reviewed"),"Closed",IF(OR(I95="HOLD",I95="Pause"),"Blocked","Open")) -> Closed | R95: =IF(AND(Q95="Open",ISNUMBER(L95),L95<TODAY()),1,0) -> 0 | S95: 0 | V95: =IF(ISNUMBER(L95),"Q"&ROUNDUP(MONTH(L95)/3,0),IF(LEFT(TRIM(CLEAN(L95)),1)="Q","Q"&VALUE(RIGHT(TRIM(CLEAN(L95)),1)),"No Date")) -> No Date
A96: =IF(A95="Item #",1,A95+1) -> 81 | B96: Shiploose Pricing Index | C96: Instrumentation and Controls | D96: Department | E96: Historical / Benchmark Improvement IO 101023945 | F96: Build historical data base for shiploose equipment to aid in optimized estimate | G96: Rasheed Oduro | I96: Closed Out | J96: KNS full support | K96: Low | L96: Q3 | M96: =IF(K96="Critical",4,IF(K96="High",3,IF(K96="Medium",2,IF(K96="Low",1,0)))) -> 1 | N96: 1 | O96: =IF(N96="",IF(I96="Closed Out",1,IF(I96="Complete",1,IF(I96="Approved",1,IF(I96="Reviewed",1,IF(I96="In Review",0.9,IF(I96="75% Complete",0.75,IF(I96="50% Complete",0.5,IF(I96="25% Complete",0.25,IF(I96="Started",0.25,0))))))))),MAX(IF(I96="Closed Out",1,IF(I96="Complete",1,IF(I96="Approved",1,IF(I96="Reviewed",1,IF(I96="In Review",0.9,IF(I96="75% Complete",0.75,IF(I96="50% Complete",0.5,IF(I96="25% Complete",0.25,IF(I96="Started",0.25,0))))))))),N96)) -> 1 | P96: =M96*O96 -> 1 | Q96: =IF(OR(I96="Closed Out",I96="Complete",I96="Approved",I96="Reviewed"),"Closed",IF(OR(I96="HOLD",I96="Pause"),"Blocked","Open")) -> Closed | R96: =IF(AND(Q96="Open",ISNUMBER(L96),L96<TODAY()),1,0) -> 0 | S96: 0 | V96: =IF(ISNUMBER(L96),"Q"&ROUNDUP(MONTH(L96)/3,0),IF(LEFT(TRIM(CLEAN(L96)),1)="Q","Q"&VALUE(RIGHT(TRIM(CLEAN(L96)),1)),"No Date")) -> Q3
A97: =IF(A96="Item #",1,A96+1) -> 82 | B97: Initiatives Folder | C97: Instrumentation and Controls | D97: Department | E97: Historical / Benchmark Improvement IO 101023945 | F97: Build historical data base for instrumentation to aid in optimized estimate | G97: Rasheed Oduro | I97: Closed Out | K97: Low | M97: =IF(K97="Critical",4,IF(K97="High",3,IF(K97="Medium",2,IF(K97="Low",1,0)))) -> 1 | N97: 1 | O97: =IF(N97="",IF(I97="Closed Out",1,IF(I97="Complete",1,IF(I97="Approved",1,IF(I97="Reviewed",1,IF(I97="In Review",0.9,IF(I97="75% Complete",0.75,IF(I97="50% Complete",0.5,IF(I97="25% Complete",0.25,IF(I97="Started",0.25,0))))))))),MAX(IF(I97="Closed Out",1,IF(I97="Complete",1,IF(I97="Approved",1,IF(I97="Reviewed",1,IF(I97="In Review",0.9,IF(I97="75% Complete",0.75,IF(I97="50% Complete",0.5,IF(I97="25% Complete",0.25,IF(I97="Started",0.25,0))))))))),N97)) -> 1 | P97: =M97*O97 -> 1 | Q97: =IF(OR(I97="Closed Out",I97="Complete",I97="Approved",I97="Reviewed"),"Closed",IF(OR(I97="HOLD",I97="Pause"),"Blocked","Open")) -> Closed | R97: =IF(AND(Q97="Open",ISNUMBER(L97),L97<TODAY()),1,0) -> 0 | S97: 0 | V97: =IF(ISNUMBER(L97),"Q"&ROUNDUP(MONTH(L97)/3,0),IF(LEFT(TRIM(CLEAN(L97)),1)="Q","Q"&VALUE(RIGHT(TRIM(CLEAN(L97)),1)),"No Date")) -> No Date
A98: =IF(A97="Item #",1,A97+1) -> 83 | B98: Consistency Workshop | C98: Instrumentation and Controls | D98: Department | E98: Standard Template | F98: Project's One Note Template: Develop a one note template for all I&C Class 2 Estimates. This in order to organize quantities, punch items, optimizations, etc all in one place. | G98: Raul Ledezma | I98: Closed Out | J98: OneNote is complete and available in SharePoint. | K98: Low | M98: =IF(K98="Critical",4,IF(K98="High",3,IF(K98="Medium",2,IF(K98="Low",1,0)))) -> 1 | N98: 1 | O98: =IF(N98="",IF(I98="Closed Out",1,IF(I98="Complete",1,IF(I98="Approved",1,IF(I98="Reviewed",1,IF(I98="In Review",0.9,IF(I98="75% Complete",0.75,IF(I98="50% Complete",0.5,IF(I98="25% Complete",0.25,IF(I98="Started",0.25,0))))))))),MAX(IF(I98="Closed Out",1,IF(I98="Complete",1,IF(I98="Approved",1,IF(I98="Reviewed",1,IF(I98="In Review",0.9,IF(I98="75% Complete",0.75,IF(I98="50% Complete",0.5,IF(I98="25% Complete",0.25,IF(I98="Started",0.25,0))))))))),N98)) -> 1 | P98: =M98*O98 -> 1 | Q98: =IF(OR(I98="Closed Out",I98="Complete",I98="Approved",I98="Reviewed"),"Closed",IF(OR(I98="HOLD",I98="Pause"),"Blocked","Open")) -> Closed | R98: =IF(AND(Q98="Open",ISNUMBER(L98),L98<TODAY()),1,0) -> 0 | S98: 0 | V98: =IF(ISNUMBER(L98),"Q"&ROUNDUP(MONTH(L98)/3,0),IF(LEFT(TRIM(CLEAN(L98)),1)="Q","Q"&VALUE(RIGHT(TRIM(CLEAN(L98)),1)),"No Date")) -> No Date
A99: =IF(A98="Item #",1,A98+1) -> 84 | B99: Consistency Workshop | C99: Instrumentation and Controls | D99: Department | E99: Standard Template | F99: New DOR for MTO development, this is between Engineering and Estimating. With the purpose to explain and clarify what are the MTOs and their quality, to be transferred to Estimating phase. | G99: Raul Ledezma | I99: Closed Out | J99: DOR is completed and located in SharePoint | K99: Low | M99: =IF(K99="Critical",4,IF(K99="High",3,IF(K99="Medium",2,IF(K99="Low",1,0)))) -> 1 | N99: 1 | O99: =IF(N99="",IF(I99="Closed Out",1,IF(I99="Complete",1,IF(I99="Approved",1,IF(I99="Reviewed",1,IF(I99="In Review",0.9,IF(I99="75% Complete",0.75,IF(I99="50% Complete",0.5,IF(I99="25% Complete",0.25,IF(I99="Started",0.25,0))))))))),MAX(IF(I99="Closed Out",1,IF(I99="Complete",1,IF(I99="Approved",1,IF(I99="Reviewed",1,IF(I99="In Review",0.9,IF(I99="75% Complete",0.75,IF(I99="50% Complete",0.5,IF(I99="25% Complete",0.25,IF(I99="Started",0.25,0))))))))),N99)) -> 1 | P99: =M99*O99 -> 1 | Q99: =IF(OR(I99="Closed Out",I99="Complete",I99="Approved",I99="Reviewed"),"Closed",IF(OR(I99="HOLD",I99="Pause"),"Blocked","Open")) -> Closed | R99: =IF(AND(Q99="Open",ISNUMBER(L99),L99<TODAY()),1,0) -> 0 | S99: 0 | V99: =IF(ISNUMBER(L99),"Q"&ROUNDUP(MONTH(L99)/3,0),IF(LEFT(TRIM(CLEAN(L99)),1)="Q","Q"&VALUE(RIGHT(TRIM(CLEAN(L99)),1)),"No Date")) -> No Date
A100: =IF(A99="Item #",1,A99+1) -> 85 | B100: Initiatives - Future | C100: Instrumentation and Controls | D100: Department | E100: Word Document | F100: I&C MTO design and development best practices: Estimating development and writeup of best practices applied during class 2 estimates, to lower quantities and cost of the project. | G100: Raul Ledezma | I100: Closed Out | J100: Working on the document. Expected ETA by May 1st. Meeting with ABB, Schneider, Emerson and Honeywell to ensure vendors can all reduce quantities at the RIO | K100: High | L100: Q3 | M100: =IF(K100="Critical",4,IF(K100="High",3,IF(K100="Medium",2,IF(K100="Low",1,0)))) -> 3 | N100: 1 | O100: =IF(N100="",IF(I100="Closed Out",1,IF(I100="Complete",1,IF(I100="Approved",1,IF(I100="Reviewed",1,IF(I100="In Review",0.9,IF(I100="75% Complete",0.75,IF(I100="50% Complete",0.5,IF(I100="25% Complete",0.25,IF(I100="Started",0.25,0))))))))),MAX(IF(I100="Closed Out",1,IF(I100="Complete",1,IF(I100="Approved",1,IF(I100="Reviewed",1,IF(I100="In Review",0.9,IF(I100="75% Complete",0.75,IF(I100="50% Complete",0.5,IF(I100="25% Complete",0.25,IF(I100="Started",0.25,0))))))))),N100)) -> 1 | P100: =M100*O100 -> 3 | Q100: =IF(OR(I100="Closed Out",I100="Complete",I100="Approved",I100="Reviewed"),"Closed",IF(OR(I100="HOLD",I100="Pause"),"Blocked","Open")) -> Closed | R100: =IF(AND(Q100="Open",ISNUMBER(L100),L100<TODAY()),1,0) -> 0 | S100: 0 | V100: =IF(ISNUMBER(L100),"Q"&ROUNDUP(MONTH(L100)/3,0),IF(LEFT(TRIM(CLEAN(L100)),1)="Q","Q"&VALUE(RIGHT(TRIM(CLEAN(L100)),1)),"No Date")) -> Q3
...

Sheet Executive Dashboard
A1: E&I Department Action Item Tracker
A2: Current action-item list data tracker.
A4: Total Tasks | D4: Current Weighted Scope | G4: Current Weighted Earned | J4: Current Weighted Progress
A5: =COUNTA('Initiative List'!A:A)-1 -> 134 | D5: =SUM('Initiative List'!M:M) -> 305 | G5: =SUM('Initiative List'!P:P) -> 135.25 | J5: =IFERROR(G5/D5,0) -> 0.44344262 | M5: Current Quarter Focus
M6: Current Quarter Weighted Scope | N6: =SUMIF('Initiative List'!V:V,TRIM(J9),'Initiative List'!M:M) -> 63
M7: Current Quarter Weighted Earned | N7: =SUMIF('Initiative List'!V:V,TRIM(J9),'Initiative List'!P:P) -> 17.35
A8: Overdue Open Items | D8: Blocked Items | G8: Closed Items | J8: Current Quarter | M8: Current Quarter Weighted % | N8: =IFERROR(N7/N6,0) -> 0.27539683
A9: =SUM('Initiative List'!R:R) -> 11 | D9: =COUNTIF('Initiative List'!Q:Q,"Blocked") -> 41 | G9: =COUNTIF('Initiative List'!Q:Q,"Closed") -> 41 | J9: =_xlfn.SINGLE(_xlfn.CONCAT("Q",ROUNDUP(MONTH(TODAY())/3,0))) -> Q3 | M9: Current Quarter Task Count | N9: =COUNTIF('Initiative List'!V:V,J9) -> 40
A13: Weekly Trend | F13: Weight Definition
A14: Week Ending | B14: Actual Cum % | C14: Actual Earned | D14: Weekly Actual Earned | F14: Priority | G14: Weight | H14: Tasks | I14: Completed Tasks | J14: % Complete
A15: ='Weekly Tracking'!A2 -> 46157 | B15: ='Weekly Tracking'!D2 -> 0.16460905 | C15: ='Weekly Tracking'!E2 -> 40 | D15: ='Weekly Tracking'!H2 -> 40 | F15: Critical | G15: 4 | H15: =COUNTIF('Initiative List'!K:K,F15) -> 28 | I15: =COUNTIFS('Initiative List'!K:K,'Executive Dashboard'!F15,'Initiative List'!I:I, "Closed Out")+COUNTIFS('Initiative List'!K:K,'Executive Dashboard'!F15,'Initiative List'!I:I, "Completed") -> 17 | J15: =I15/H15 -> 0.60714286
A16: ='Weekly Tracking'!A3 -> 46164 | B16: ='Weekly Tracking'!D3 -> 0.17695473 | C16: ='Weekly Tracking'!E3 -> 43 | D16: ='Weekly Tracking'!H3 -> 3 | F16: High | G16: 3 | H16: =COUNTIF('Initiative List'!K:K,F16) -> 39 | I16: =COUNTIFS('Initiative List'!K:K,'Executive Dashboard'!F16,'Initiative List'!I:I, "Closed Out")+COUNTIFS('Initiative List'!K:K,'Executive Dashboard'!F16,'Initiative List'!I:I, "Completed") -> 6 | J16: =I16/H16 -> 0.15384615
A17: ='Weekly Tracking'!A4 -> 46171 | B17: ='Weekly Tracking'!D4 -> 0.17695473 | C17: ='Weekly Tracking'!E4 -> 43 | D17: ='Weekly Tracking'!H4 -> 0 | F17: Medium | G17: 2 | H17: =COUNTIF('Initiative List'!K:K,F17) -> 13 | I17: =COUNTIFS('Initiative List'!K:K,'Executive Dashboard'!F17,'Initiative List'!I:I, "Closed Out")+COUNTIFS('Initiative List'!K:K,'Executive Dashboard'!F17,'Initiative List'!I:I, "Completed") -> 0 | J17: =I17/H17 -> 0
A18: ='Weekly Tracking'!A5 -> 46178 | B18: ='Weekly Tracking'!D5 -> 0.17695473 | C18: ='Weekly Tracking'!E5 -> 43 | D18: ='Weekly Tracking'!H5 -> 0 | F18: Low | G18: 1 | H18: =COUNTIF('Initiative List'!K:K,F18) -> 52 | I18: =COUNTIFS('Initiative List'!K:K,'Executive Dashboard'!F18,'Initiative List'!I:I, "Closed Out")+COUNTIFS('Initiative List'!K:K,'Executive Dashboard'!F18,'Initiative List'!I:I, "Completed") -> 15 | J18: =I18/H18 -> 0.28846154
A19: ='Weekly Tracking'!A6 -> 46185 | B19: ='Weekly Tracking'!D6 -> 0.1877551 | C19: ='Weekly Tracking'!E6 -> 46 | D19: ='Weekly Tracking'!H6 -> 3
A20: ='Weekly Tracking'!A7 -> 46192 | B20: ='Weekly Tracking'!D7 -> 0.29770492 | C20: ='Weekly Tracking'!E7 -> 90.8 | D20: ='Weekly Tracking'!H7 -> 44.8
A21: ='Weekly Tracking'!A8 -> 46199 | B21: ='Weekly Tracking'!D8 -> 0.43836066 | C21: ='Weekly Tracking'!E8 -> 133.7 | D21: ='Weekly Tracking'!H8 -> 42.9
A22: ='Weekly Tracking'!A9 -> 46206 | B22: ='Weekly Tracking'!D9 -> 0.44 | C22: ='Weekly Tracking'!E9 -> 134.2 | D22: ='Weekly Tracking'!H9 -> 0.5
A23: ='Weekly Tracking'!A10 -> 46213 | B23: ='Weekly Tracking'!D10 -> 0.44344262 | C23: ='Weekly Tracking'!E10 -> 135.25 | D23: ='Weekly Tracking'!H10 -> 1.05
A24: ='Weekly Tracking'!A11 -> 46220 | B24: ='Weekly Tracking'!D11 -> 0.44344262 | C24: ='Weekly Tracking'!E11 -> 135.25 | D24: ='Weekly Tracking'!H11 -> 0
A25: ='Weekly Tracking'!A12 -> 46227 | B25: ='Weekly Tracking'!D12 -> 0.44344262 | C25: ='Weekly Tracking'!E12 -> 135.25 | D25: ='Weekly Tracking'!H12 -> 0
A26: ='Weekly Tracking'!A13 -> 46234 | B26: ='Weekly Tracking'!D13 -> 0.44344262 | C26: ='Weekly Tracking'!E13 -> 135.25 | D26: ='Weekly Tracking'!H13 -> 0
A29: WEEKLY NARRATIVE | H29: Categories
A30: This Week Progress: | H30: Initiative | I30: Task Count | J30: Weighted Scope | K30: Weighted Earned | L30: % Complete | M30: % Overall of Categories
A31: - Significant progress achieved in Energy Standardization and Grounding initiatives. | H31: {=_xlfn.UNIQUE('Initiative List'!B2:B1017)} -> Consistency Workshop | I31: =COUNTIF('Initiative List'!B:B,'Executive Dashboard'!H31) -> 39 | J31: =SUMIF('Initiative List'!B:B,'Executive Dashboard'!H31, 'Initiative List'!M:M) -> 103 | K31: =SUMIF('Initiative List'!B:B,'Executive Dashboard'!H31, 'Initiative List'!P:P) -> 12.4 | L31: =IFERROR(K31/J31,0) -> 0.12038835 | M31: =J31/SUM($J$31:$J$53) -> 0.33770492
A32: - Weighted earned increased due to multiple In Review items approaching completion. | H32: Estimate Document Numbering | I32: =COUNTIF('Initiative List'!B:B,'Executive Dashboard'!H32) -> 2 | J32: =SUMIF('Initiative List'!B:B,'Executive Dashboard'!H32, 'Initiative List'!M:M) -> 6 | K32: =SUMIF('Initiative List'!B:B,'Executive Dashboard'!H32, 'Initiative List'!P:P) -> 0 | L32: =IFERROR(K32/J32,0) -> 0 | M32: =J32/SUM($J$31:$J$53) -> 0.019672131
H33: Indicative Tool | I33: =COUNTIF('Initiative List'!B:B,'Executive Dashboard'!H33) -> 8 | J33: =SUMIF('Initiative List'!B:B,'Executive Dashboard'!H33, 'Initiative List'!M:M) -> 21 | K33: =SUMIF('Initiative List'!B:B,'Executive Dashboard'!H33, 'Initiative List'!P:P) -> 19.9 | L33: =IFERROR(K33/J33,0) -> 0.94761905 | M33: =J33/SUM($J$31:$J$53) -> 0.068852459
H34: Initiatives - Future | I34: =COUNTIF('Initiative List'!B:B,'Executive Dashboard'!H34) -> 6 | J34: =SUMIF('Initiative List'!B:B,'Executive Dashboard'!H34, 'Initiative List'!M:M) -> 12 | K34: =SUMIF('Initiative List'!B:B,'Executive Dashboard'!H34, 'Initiative List'!P:P) -> 5.3 | L34: =IFERROR(K34/J34,0) -> 0.44166667 | M34: =J34/SUM($J$31:$J$53) -> 0.039344262
A35: Key Drivers: | H35: Mock Project Files | I35: =COUNTIF('Initiative List'!B:B,'Executive Dashboard'!H35) -> 1 | J35: =SUMIF('Initiative List'!B:B,'Executive Dashboard'!H35, 'Initiative List'!M:M) -> 1 | K35: =SUMIF('Initiative List'!B:B,'Executive Dashboard'!H35, 'Initiative List'!P:P) -> 0 | L35: =IFERROR(K35/J35,0) -> 0 | M35: =J35/SUM($J$31:$J$53) -> 0.0032786885
A36: - Electrical Grounding and Energy procedures advancing steadily. | H36: I&C Adapt Logic | I36: =COUNTIF('Initiative List'!B:B,'Executive Dashboard'!H36) -> 5 | J36: =SUMIF('Initiative List'!B:B,'Executive Dashboard'!H36, 'Initiative List'!M:M) -> 7 | K36: =SUMIF('Initiative List'!B:B,'Executive Dashboard'!H36, 'Initiative List'!P:P) -> 6 | L36: =IFERROR(K36/J36,0) -> 0.85714286 | M36: =J36/SUM($J$31:$J$53) -> 0.02295082
A37: - Multiple initiatives transitioned from Started → In Review → nearing closure. | H37: Department Display | I37: =COUNTIF('Initiative List'!B:B,'Executive Dashboard'!H37) -> 1 | J37: =SUMIF('Initiative List'!B:B,'Executive Dashboard'!H37, 'Initiative List'!M:M) -> 1 | K37: =SUMIF('Initiative List'!B:B,'Executive Dashboard'!H37, 'Initiative List'!P:P) -> 0 | L37: =IFERROR(K37/J37,0) -> 0 | M37: =J37/SUM($J$31:$J$53) -> 0.0032786885
H38: White Paper Reports | I38: =COUNTIF('Initiative List'!B:B,'Executive Dashboard'!H38) -> 3 | J38: =SUMIF('Initiative List'!B:B,'Executive Dashboard'!H38, 'Initiative List'!M:M) -> 12 | K38: =SUMIF('Initiative List'!B:B,'Executive Dashboard'!H38, 'Initiative List'!P:P) -> 3.6 | L38: =IFERROR(K38/J38,0) -> 0.3 | M38: =J38/SUM($J$31:$J$53) -> 0.039344262
A39: Risks / Blockers: | H39: Initiatives Folder | I39: =COUNTIF('Initiative List'!B:B,'Executive Dashboard'!H39) -> 3 | J39: =SUMIF('Initiative List'!B:B,'Executive Dashboard'!H39, 'Initiative List'!M:M) -> 5 | K39: =SUMIF('Initiative List'!B:B,'Executive Dashboard'!H39, 'Initiative List'!P:P) -> 4.9 | L39: =IFERROR(K39/J39,0) -> 0.98 | M39: =J39/SUM($J$31:$J$53) -> 0.016393443
A40: - Large volume of Consistency Workshop ADAPT-related items remain on HOLD. | H40: Energy Standardization | I40: =COUNTIF('Initiative List'!B:B,'Executive Dashboard'!H40) -> 36 | J40: =SUMIF('Initiative List'!B:B,'Executive Dashboard'!H40, 'Initiative List'!M:M) -> 93 | K40: =SUMIF('Initiative List'!B:B,'Executive Dashboard'!H40, 'Initiative List'!P:P) -> 53.75 | L40: =IFERROR(K40/J40,0) -> 0.57795699 | M40: =J40/SUM($J$31:$J$53) -> 0.30491803
A41: - These blocked tasks represent a large portion of remaining weighted scope. | H41: Vendor Presentations | I41: =COUNTIF('Initiative List'!B:B,'Executive Dashboard'!H41) -> 3 | J41: =SUMIF('Initiative List'!B:B,'Executive Dashboard'!H41, 'Initiative List'!M:M) -> 3 | K41: =SUMIF('Initiative List'!B:B,'Executive Dashboard'!H41, 'Initiative List'!P:P) -> 2.65 | L41: =IFERROR(K41/J41,0) -> 0.88333333 | M41: =J41/SUM($J$31:$J$53) -> 0.0098360656
H42: Temporary Power | I42: =COUNTIF('Initiative List'!B:B,'Executive Dashboard'!H42) -> 1 | J42: =SUMIF('Initiative List'!B:B,'Executive Dashboard'!H42, 'Initiative List'!M:M) -> 4 | K42: =SUMIF('Initiative List'!B:B,'Executive Dashboard'!H42, 'Initiative List'!P:P) -> 4 | L42: =IFERROR(K42/J42,0) -> 1 | M42: =J42/SUM($J$31:$J$53) -> 0.013114754
A43: Focus Next Week: | H43: TBD - Folder Not Created | I43: =COUNTIF('Initiative List'!B:B,'Executive Dashboard'!H43) -> 5 | J43: =SUMIF('Initiative List'!B:B,'Executive Dashboard'!H43, 'Initiative List'!M:M) -> 8 | K43: =SUMIF('Initiative List'!B:B,'Executive Dashboard'!H43, 'Initiative List'!P:P) -> 0.5 | L43: =IFERROR(K43/J43,0) -> 0.0625 | M43: =J43/SUM($J$31:$J$53) -> 0.026229508
A44: - Unblock ADAPT-related workstreams. | H44: Cable Automation | I44: =COUNTIF('Initiative List'!B:B,'Executive Dashboard'!H44) -> 3 | J44: =SUMIF('Initiative List'!B:B,'Executive Dashboard'!H44, 'Initiative List'!M:M) -> 3 | K44: =SUMIF('Initiative List'!B:B,'Executive Dashboard'!H44, 'Initiative List'!P:P) -> 2.25 | L44: =IFERROR(K44/J44,0) -> 0.75 | M44: =J44/SUM($J$31:$J$53) -> 0.0098360656
A45: - Push high-weight Q2 items to Closed to finish the quarter strong. | H45: Moved - Procurement Standard | I45: =COUNTIF('Initiative List'!B:B,'Executive Dashboard'!H45) -> 1 | J45: =SUMIF('Initiative List'!B:B,'Executive Dashboard'!H45, 'Initiative List'!M:M) -> 3 | K45: =SUMIF('Initiative List'!B:B,'Executive Dashboard'!H45, 'Initiative List'!P:P) -> 3 | L45: =IFERROR(K45/J45,0) -> 1 | M45: =J45/SUM($J$31:$J$53) -> 0.0098360656
H46: Shiploose Pricing Index | I46: =COUNTIF('Initiative List'!B:B,'Executive Dashboard'!H46) -> 1 | J46: =SUMIF('Initiative List'!B:B,'Executive Dashboard'!H46, 'Initiative List'!M:M) -> 1 | K46: =SUMIF('Initiative List'!B:B,'Executive Dashboard'!H46, 'Initiative List'!P:P) -> 1 | L46: =IFERROR(K46/J46,0) -> 1 | M46: =J46/SUM($J$31:$J$53) -> 0.0032786885
H47: BB Toolset Symbols | I47: =COUNTIF('Initiative List'!B:B,'Executive Dashboard'!H47) -> 7 | J47: =SUMIF('Initiative List'!B:B,'Executive Dashboard'!H47, 'Initiative List'!M:M) -> 7 | K47: =SUMIF('Initiative List'!B:B,'Executive Dashboard'!H47, 'Initiative List'!P:P) -> 6.65 | L47: =IFERROR(K47/J47,0) -> 0.95 | M47: =J47/SUM($J$31:$J$53) -> 0.02295082
A48: Due Quarter Summary (Current Snapshot) | H48: CAD Toolset Symbols | I48: =COUNTIF('Initiative List'!B:B,'Executive Dashboard'!H48) -> 1 | J48: =SUMIF('Initiative List'!B:B,'Executive Dashboard'!H48, 'Initiative List'!M:M) -> 1 | K48: =SUMIF('Initiative List'!B:B,'Executive Dashboard'!H48, 'Initiative List'!P:P) -> 0.9 | L48: =IFERROR(K48/J48,0) -> 0.9 | M48: =J48/SUM($J$31:$J$53) -> 0.0032786885
A49: Quarter | B49: Task Count | C49: Weighted Scope | D49: Weighted Earned | E49: Weighted % | H49: Master Sheets - P.Query | I49: =COUNTIF('Initiative List'!B:B,'Executive Dashboard'!H49) -> 2 | J49: =SUMIF('Initiative List'!B:B,'Executive Dashboard'!H49, 'Initiative List'!M:M) -> 8 | K49: =SUMIF('Initiative List'!B:B,'Executive Dashboard'!H49, 'Initiative List'!P:P) -> 3 | L49: =IFERROR(K49/J49,0) -> 0.375 | M49: =J49/SUM($J$31:$J$53) -> 0.026229508
A50: Q1 | B50: =COUNTIF('Initiative List'!V:V,A50) -> 0 | C50: =SUMIF('Initiative List'!V:V,A50,'Initiative List'!M:M) -> 0 | D50: =SUMIF('Initiative List'!V:V,A50,'Initiative List'!P:P) -> 0 | E50: =IFERROR(D50/C50,0) -> 0 | H50: Moved - KOE Standard | I50: =COUNTIF('Initiative List'!B:B,'Executive Dashboard'!H50) -> 1 | J50: =SUMIF('Initiative List'!B:B,'Executive Dashboard'!H50, 'Initiative List'!M:M) -> 2 | K50: =SUMIF('Initiative List'!B:B,'Executive Dashboard'!H50, 'Initiative List'!P:P) -> 1.8 | L50: =IFERROR(K50/J50,0) -> 0.9 | M50: =J50/SUM($J$31:$J$53) -> 0.006557377
A51: Q2 | B51: =COUNTIF('Initiative List'!V:V,A51) -> 33 | C51: =SUMIF('Initiative List'!V:V,A51,'Initiative List'!M:M) -> 112 | D51: =SUMIF('Initiative List'!V:V,A51,'Initiative List'!P:P) -> 88.6 | E51: =IFERROR(D51/C51,0) -> 0.79107143 | H51: Installation Details | I51: =COUNTIF('Initiative List'!B:B,'Executive Dashboard'!H51) -> 1 | J51: =SUMIF('Initiative List'!B:B,'Executive Dashboard'!H51, 'Initiative List'!M:M) -> 1 | K51: =SUMIF('Initiative List'!B:B,'Executive Dashboard'!H51, 'Initiative List'!P:P) -> 0.75 | L51: =IFERROR(K51/J51,0) -> 0.75 | M51: =J51/SUM($J$31:$J$53) -> 0.0032786885
A52: Q3 | B52: =COUNTIF('Initiative List'!V:V,A52) -> 40 | C52: =SUMIF('Initiative List'!V:V,A52,'Initiative List'!M:M) -> 63 | D52: =SUMIF('Initiative List'!V:V,A52,'Initiative List'!P:P) -> 17.35 | E52: =IFERROR(D52/C52,0) -> 0.27539683 | H52: Moved - Department SharePoint | I52: =COUNTIF('Initiative List'!B:B,'Executive Dashboard'!H52) -> 1 | J52: =SUMIF('Initiative List'!B:B,'Executive Dashboard'!H52, 'Initiative List'!M:M) -> 2 | K52: =SUMIF('Initiative List'!B:B,'Executive Dashboard'!H52, 'Initiative List'!P:P) -> 2 | L52: =IFERROR(K52/J52,0) -> 1 | M52: =J52/SUM($J$31:$J$53) -> 0.006557377
A53: Q4 | B53: =COUNTIF('Initiative List'!V:V,A53) -> 0 | C53: =SUMIF('Initiative List'!V:V,A53,'Initiative List'!M:M) -> 0 | D53: =SUMIF('Initiative List'!V:V,A53,'Initiative List'!P:P) -> 0 | E53: =IFERROR(D53/C53,0) -> 0 | H53: Quantity Summary Sheet | I53: =COUNTIF('Initiative List'!B:B,'Executive Dashboard'!H53) -> 1 | J53: =SUMIF('Initiative List'!B:B,'Executive Dashboard'!H53, 'Initiative List'!M:M) -> 1 | K53: =SUMIF('Initiative List'!B:B,'Executive Dashboard'!H53, 'Initiative List'!P:P) -> 0.9 | L53: =IFERROR(K53/J53,0) -> 0.9 | M53: =J53/SUM($J$31:$J$53) -> 0.0032786885
A54: No Date | B54: =COUNTIF('Initiative List'!V:V,A54) -> 60 | C54: =SUMIF('Initiative List'!V:V,A54,'Initiative List'!M:M) -> 130 | D54: =SUMIF('Initiative List'!V:V,A54,'Initiative List'!P:P) -> 29.3 | E54: =IFERROR(D54/C54,0) -> 0.22538462 | H54: 0
A55: Other | B55: =COUNTIF('Initiative List'!V:V,A55) -> 0 | C55: =SUMIF('Initiative List'!V:V,A55,'Initiative List'!M:M) -> 0 | D55: =SUMIF('Initiative List'!V:V,A55,'Initiative List'!P:P) -> 0 | E55: =IFERROR(D55/C55,0) -> 0
H58: Assigned Person Summary (Current)
H59: Assigned To | I59: Weighted Earned | J59: Weighted Remaining | K59: Weighted % | L59: Current Assignment
H60: Ahmad Yakuba | I60: =SUMIFS('Initiative List'!P:P,'Initiative List'!G:G,H60) -> 5.35 | J60: =SUMIFS('Initiative List'!M:M,'Initiative List'!G:G,H60)-SUMIFS('Initiative List'!P:P,'Initiative List'!G:G,H60) -> 13.65 | K60: =IFERROR(I60/SUMIFS('Initiative List'!M:M,'Initiative List'!G:G,H60),0) -> 0.28157895 | L60: Homer City Electrical Lead
H61: Allen Douglas | I61: =SUMIFS('Initiative List'!P:P,'Initiative List'!G:G,H61) -> 10.6 | J61: =SUMIFS('Initiative List'!M:M,'Initiative List'!G:G,H61)-SUMIFS('Initiative List'!P:P,'Initiative List'!G:G,H61) -> 11.4 | K61: =IFERROR(I61/SUMIFS('Initiative List'!M:M,'Initiative List'!G:G,H61),0) -> 0.48181818 | L61: Border Wall + Energy Standards
H62: John McGoldrick | I62: =SUMIFS('Initiative List'!P:P,'Initiative List'!G:G,H62) -> 4 | J62: =SUMIFS('Initiative List'!M:M,'Initiative List'!G:G,H62)-SUMIFS('Initiative List'!P:P,'Initiative List'!G:G,H62) -> 0 | K62: =IFERROR(I62/SUMIFS('Initiative List'!M:M,'Initiative List'!G:G,H62),0) -> 1 | L62: Back to KOE
H63: Ahmed Sherif | I63: =SUMIFS('Initiative List'!P:P,'Initiative List'!G:G,H63) -> 6 | J63: =SUMIFS('Initiative List'!M:M,'Initiative List'!G:G,H63)-SUMIFS('Initiative List'!P:P,'Initiative List'!G:G,H63) -> 4 | K63: =IFERROR(I63/SUMIFS('Initiative List'!M:M,'Initiative List'!G:G,H63),0) -> 0.6
H64: Keshika Nath Varma | I64: =SUMIFS('Initiative List'!P:P,'Initiative List'!G:G,H64) -> 11 | J64: =SUMIFS('Initiative List'!M:M,'Initiative List'!G:G,H64)-SUMIFS('Initiative List'!P:P,'Initiative List'!G:G,H64) -> 3 | K64: =IFERROR(I64/SUMIFS('Initiative List'!M:M,'Initiative List'!G:G,H64),0) -> 0.78571429 | L64: Homer City I&C Lead
H65: Andy Baruth | I65: =SUMIFS('Initiative List'!P:P,'Initiative List'!G:G,H65) -> 0 | J65: =SUMIFS('Initiative List'!M:M,'Initiative List'!G:G,H65)-SUMIFS('Initiative List'!P:P,'Initiative List'!G:G,H65) -> 2 | K65: =IFERROR(I65/SUMIFS('Initiative List'!M:M,'Initiative List'!G:G,H65),0) -> 0 | L65: Texas LNG Electrical Lead
H66: Vendor | I66: =SUMIFS('Initiative List'!P:P,'Initiative List'!G:G,H66) -> 0 | J66: =SUMIFS('Initiative List'!M:M,'Initiative List'!G:G,H66)-SUMIFS('Initiative List'!P:P,'Initiative List'!G:G,H66) -> 4 | K66: =IFERROR(I66/SUMIFS('Initiative List'!M:M,'Initiative List'!G:G,H66),0) -> 0
H67: Construction | I67: =SUMIFS('Initiative List'!P:P,'Initiative List'!G:G,H67) -> 0 | J67: =SUMIFS('Initiative List'!M:M,'Initiative List'!G:G,H67)-SUMIFS('Initiative List'!P:P,'Initiative List'!G:G,H67) -> 4 | K67: =IFERROR(I67/SUMIFS('Initiative List'!M:M,'Initiative List'!G:G,H67),0) -> 0
H68: Tyler Reck | I68: =SUMIFS('Initiative List'!P:P,'Initiative List'!G:G,H68) -> 6.7 | J68: =SUMIFS('Initiative List'!M:M,'Initiative List'!G:G,H68)-SUMIFS('Initiative List'!P:P,'Initiative List'!G:G,H68) -> 7.3 | K68: =IFERROR(I68/SUMIFS('Initiative List'!M:M,'Initiative List'!G:G,H68),0) -> 0.47857143 | L68: Texas LNG Support
H69: Ali Malik | I69: =SUMIFS('Initiative List'!P:P,'Initiative List'!G:G,H69) -> 7 | J69: =SUMIFS('Initiative List'!M:M,'Initiative List'!G:G,H69)-SUMIFS('Initiative List'!P:P,'Initiative List'!G:G,H69) -> 3 | K69: =IFERROR(I69/SUMIFS('Initiative List'!M:M,'Initiative List'!G:G,H69),0) -> 0.7 | L69: Sempra + Rock County + Energy Standardization
H70: Rasheed Oduro | I70: =SUMIFS('Initiative List'!P:P,'Initiative List'!G:G,H70) -> 16.25 | J70: =SUMIFS('Initiative List'!M:M,'Initiative List'!G:G,H70)-SUMIFS('Initiative List'!P:P,'Initiative List'!G:G,H70) -> 10.75 | K70: =IFERROR(I70/SUMIFS('Initiative List'!M:M,'Initiative List'!G:G,H70),0) -> 0.60185185
H71: Available | I71: =SUMIFS('Initiative List'!P:P,'Initiative List'!G:G,H71) -> 0.25 | J71: =SUMIFS('Initiative List'!M:M,'Initiative List'!G:G,H71)-SUMIFS('Initiative List'!P:P,'Initiative List'!G:G,H71) -> 80.75 | K71: =IFERROR(I71/SUMIFS('Initiative List'!M:M,'Initiative List'!G:G,H71),0) -> 0.0030864198
H72: Jacob Farsalas | I72: =SUMIFS('Initiative List'!P:P,'Initiative List'!G:G,H72) -> 4 | J72: =SUMIFS('Initiative List'!M:M,'Initiative List'!G:G,H72)-SUMIFS('Initiative List'!P:P,'Initiative List'!G:G,H72) -> 0 | K72: =IFERROR(I72/SUMIFS('Initiative List'!M:M,'Initiative List'!G:G,H72),0) -> 1 | L72: Border Wall Site
H73: Dilan Centeno | I73: =SUMIFS('Initiative List'!P:P,'Initiative List'!G:G,H73) -> 8 | J73: =SUMIFS('Initiative List'!M:M,'Initiative List'!G:G,H73)-SUMIFS('Initiative List'!P:P,'Initiative List'!G:G,H73) -> 7 | K73: =IFERROR(I73/SUMIFS('Initiative List'!M:M,'Initiative List'!G:G,H73),0) -> 0.53333333 | L73: Sempra Electrical Lead
H74: ADAPT | I74: =SUMIFS('Initiative List'!P:P,'Initiative List'!G:G,H74) -> 0 | J74: =SUMIFS('Initiative List'!M:M,'Initiative List'!G:G,H74)-SUMIFS('Initiative List'!P:P,'Initiative List'!G:G,H74) -> 2 | K74: =IFERROR(I74/SUMIFS('Initiative List'!M:M,'Initiative List'!G:G,H74),0) -> 0
H75: Rene Contreras | I75: =SUMIFS('Initiative List'!P:P,'Initiative List'!G:G,H75) -> 28.2 | J75: =SUMIFS('Initiative List'!M:M,'Initiative List'!G:G,H75)-SUMIFS('Initiative List'!P:P,'Initiative List'!G:G,H75) -> 12.8 | K75: =IFERROR(I75/SUMIFS('Initiative List'!M:M,'Initiative List'!G:G,H75),0) -> 0.68780488 | L75: Sempra I&C Lead
H76: Raul Ledezma | I76: =SUMIFS('Initiative List'!P:P,'Initiative List'!G:G,H76) -> 5 | J76: =SUMIFS('Initiative List'!M:M,'Initiative List'!G:G,H76)-SUMIFS('Initiative List'!P:P,'Initiative List'!G:G,H76) -> 2 | K76: =IFERROR(I76/SUMIFS('Initiative List'!M:M,'Initiative List'!G:G,H76),0) -> 0.71428571 | L76: Texas LNG I&C Lead
H77: Mohan Murugesan | I77: =SUMIFS('Initiative List'!P:P,'Initiative List'!G:G,H77) -> 2 | J77: =SUMIFS('Initiative List'!M:M,'Initiative List'!G:G,H77)-SUMIFS('Initiative List'!P:P,'Initiative List'!G:G,H77) -> 0 | K77: =IFERROR(I77/SUMIFS('Initiative List'!M:M,'Initiative List'!G:G,H77),0) -> 1 | L77: Back to KOE
H78: Aden Maigag | I78: =SUMIFS('Initiative List'!P:P,'Initiative List'!G:G,H78) -> 0 | J78: =SUMIFS('Initiative List'!M:M,'Initiative List'!G:G,H78)-SUMIFS('Initiative List'!P:P,'Initiative List'!G:G,H78) -> 0 | K78: =IFERROR(I78/SUMIFS('Initiative List'!M:M,'Initiative List'!G:G,H78),0) -> 0 | L78: Power Query Support
H79: Engineering | I79: =SUMIFS('Initiative List'!P:P,'Initiative List'!G:G,H79) -> 0 | J79: =SUMIFS('Initiative List'!M:M,'Initiative List'!G:G,H79)-SUMIFS('Initiative List'!P:P,'Initiative List'!G:G,H79) -> 0 | K79: =IFERROR(I79/SUMIFS('Initiative List'!M:M,'Initiative List'!G:G,H79),0) -> 0
H80: Oscar Handal | I80: =SUMIFS('Initiative List'!P:P,'Initiative List'!G:G,H80) -> 8.9 | J80: =SUMIFS('Initiative List'!M:M,'Initiative List'!G:G,H80)-SUMIFS('Initiative List'!P:P,'Initiative List'!G:G,H80) -> 2.1 | K80: =IFERROR(I80/SUMIFS('Initiative List'!M:M,'Initiative List'!G:G,H80),0) -> 0.80909091 | L80: Consistency Workshop + Energy Standardization
H81: Procurement | I81: =SUMIFS('Initiative List'!P:P,'Initiative List'!G:G,H81) -> 0 | J81: =SUMIFS('Initiative List'!M:M,'Initiative List'!G:G,H81)-SUMIFS('Initiative List'!P:P,'Initiative List'!G:G,H81) -> 0 | K81: =IFERROR(I81/SUMIFS('Initiative List'!M:M,'Initiative List'!G:G,H81),0) -> 0
H82: Rojna Ghamsari | I82: =SUMIFS('Initiative List'!P:P,'Initiative List'!G:G,H82) -> 4 | J82: =SUMIFS('Initiative List'!M:M,'Initiative List'!G:G,H82)-SUMIFS('Initiative List'!P:P,'Initiative List'!G:G,H82) -> 0 | K82: =IFERROR(I82/SUMIFS('Initiative List'!M:M,'Initiative List'!G:G,H82),0) -> 1 | L82: Consistency Workshop
H83: Saidee Porras | I83: =SUMIFS('Initiative List'!P:P,'Initiative List'!G:G,H83) -> 0 | J83: =SUMIFS('Initiative List'!M:M,'Initiative List'!G:G,H83)-SUMIFS('Initiative List'!P:P,'Initiative List'!G:G,H83) -> 0 | K83: =IFERROR(I83/SUMIFS('Initiative List'!M:M,'Initiative List'!G:G,H83),0) -> 0
H84: Syed Ali | I84: =SUMIFS('Initiative List'!P:P,'Initiative List'!G:G,H84) -> 8 | J84: =SUMIFS('Initiative List'!M:M,'Initiative List'!G:G,H84)-SUMIFS('Initiative List'!P:P,'Initiative List'!G:G,H84) -> 0 | K84: =IFERROR(I84/SUMIFS('Initiative List'!M:M,'Initiative List'!G:G,H84),0) -> 1 | L84: Texas LNG Main Support
I85: =SUM(I60:I84) -> 135.25 | J85: =SUM(J60:J84) -> 169.75
H86: Total | I86: =I85+J85 -> 305
H87: Note: | I87: Above should match Current Weighted Scope

Sheet Assignment Progress Weekly
B1: Week of 6/15-6/19 | E1: Week of 6/22-6/26 | H1: Week of 6/29-7/03
A2: Assigned To | B2: Weighted Earned | C2: Weighted Remaining | D2: Weighted % | E2: Weighted Earned | F2: Weighted Remaining | G2: Weighted % | H2: Weighted Earned | I2: Weighted Remaining | J2: Weighted % | K2: % Inc per Week | L2: Current Assignment
A3: Ahmad Yakuba | B3: 5.35 | C3: 5.65 | D3: 0.48636364 | E3: 5.35 | F3: 13.65 | G3: 0.28157895 | H3: 5.35 | I3: 13.65 | J3: 0.28157895 | K3: =J3-G3 -> 0 | L3: Homer City Electrical Lead
A4: Allen Douglas | B4: 14.2 | C4: 11.8 | D4: 0.54615385 | E4: 10.6 | F4: 11.4 | G4: 0.48181818 | H4: 10.6 | I4: 11.4 | J4: 0.48181818 | K4: =J4-G4 -> 0 | L4: Border Wall + Energy Standards
A5: John McGoldrick | B5: 4 | C5: 0 | D5: 1 | E5: 4 | F5: 0 | G5: 1 | H5: 4 | I5: 0 | J5: 1 | K5: =J5-G5 -> 0 | L5: Back to KOE
A6: Ahmed Sherif | B6: 1.25 | C6: 4.75 | D6: 0.20833333 | E6: 5.5 | F6: 4.5 | G6: 0.55 | H6: 6 | I6: 4 | J6: 0.6 | K6: =J6-G6 -> 0.05
A7: Keshika Nath Varma | B7: 3 | C7: 3 | D7: 0.5 | E7: 11 | F7: 3 | G7: 0.78571429 | H7: 11 | I7: 3 | J7: 0.78571429 | K7: =J7-G7 -> 0 | L7: Homer City I&C Lead
A8: Andy Baruth | B8: 0 | C8: 2 | D8: 0 | E8: 0 | F8: 2 | G8: 0 | H8: 0 | I8: 2 | J8: 0 | K8: =J8-G8 -> 0 | L8: Texas LNG Electrical Lead
A9: Vendor | B9: 0 | C9: 4 | D9: 0 | E9: 0 | F9: 4 | G9: 0 | H9: 0 | I9: 4 | J9: 0 | K9: =J9-G9 -> 0
A10: Construction | B10: 0 | C10: 4 | D10: 0 | E10: 0 | F10: 4 | G10: 0 | H10: 0 | I10: 4 | J10: 0 | K10: =J10-G10 -> 0
A11: Tyler Reck | B11: 5.95 | C11: 1.05 | D11: 0.85 | E11: 5.95 | F11: 5.05 | G11: 0.54090909 | H11: 6.7 | I11: 7.3 | J11: 0.47857143 | K11: =J11-G11 -> -0.062337662 | L11: Texas LNG Support, Wire and Cable
A12: Ali Malik | B12: 7 | C12: 3 | D12: 0.7 | E12: 7 | F12: 3 | G12: 0.7 | H12: 7 | I12: 3 | J12: 0.7 | K12: =J12-G12 -> 0 | L12: Sempra + Rock County + Energy Standardization
A13: Rasheed Oduro | B13: 6.75 | C13: 9.25 | D13: 0.421875 | E13: 16.25 | F13: 10.75 | G13: 0.60185185 | H13: 16.25 | I13: 10.75 | J13: 0.60185185 | K13: =J13-G13 -> 0
A14: Available | B14: 0.25 | C14: 86.75 | D14: 0.0028735632 | E14: 0.25 | F14: 80.75 | G14: 0.0030864198 | H14: 0.25 | I14: 80.75 | J14: 0.0030864198 | K14: =J14-G14 -> 0
A15: Jacob Farsalas | B15: 4 | C15: 0 | D15: 1 | E15: 4 | F15: 0 | G15: 1 | H15: 4 | I15: 0 | J15: 1 | K15: =J15-G15 -> 0 | L15: Border Wall Site
A16: Dilan Centeno | B16: 4 | C16: 3 | D16: 0.57142857 | E16: 8 | F16: 7 | G16: 0.53333333 | H16: 8 | I16: 7 | J16: 0.53333333 | K16: =J16-G16 -> 0 | L16: Sempra Electrical Lead
A17: ADAPT | B17: 0 | C17: 2 | D17: 0 | E17: 0 | F17: 2 | G17: 0 | H17: 0 | I17: 2 | J17: 0 | K17: =J17-G17 -> 0
A18: Rene Contreras | B18: 28.05 | C18: 12.95 | D18: 0.68414634 | E18: 28.05 | F18: 12.95 | G18: 0.68414634 | H18: 28.05 | I18: 12.95 | J18: 0.68414634 | K18: =J18-G18 -> 0 | L18: Sempra I&C Lead
A19: Raul Ledezma | B19: 5 | C19: 2 | D19: 0.71428571 | E19: 5 | F19: 2 | G19: 0.71428571 | H19: 5 | I19: 2 | J19: 0.71428571 | K19: =J19-G19 -> 0 | L19: Texas LNG I&C Lead
A20: Mohan Murugesan | B20: 2 | C20: 0 | D20: 1 | E20: 2 | F20: 0 | G20: 1 | H20: 2 | I20: 0 | J20: 1 | K20: =J20-G20 -> 0 | L20: Back to KOE
A21: Aden Maigag | B21: 0 | C21: 0 | D21: 0 | E21: 0 | F21: 0 | G21: 0 | H21: 0 | I21: 0 | J21: 0 | K21: =J21-G21 -> 0 | L21: Power Query Support
A22: Engineering | B22: 0 | C22: 0 | D22: 0 | E22: 0 | F22: 0 | G22: 0 | H22: 0 | I22: 0 | J22: 0 | K22: =J22-G22 -> 0
A23: Oscar Handal | B23: 0 | C23: 0 | D23: 0 | E23: 8.75 | F23: 2.25 | G23: 0.79545455 | H23: 8.75 | I23: 2.25 | J23: 0.79545455 | K23: =J23-G23 -> 0 | L23: Consistency Workshop + Energy Standardization
A24: Procurement | B24: 0 | C24: 0 | D24: 0 | E24: 0 | F24: 0 | G24: 0 | H24: 0 | I24: 0 | J24: 0 | K24: =J24-G24 -> 0
A25: Rojna Ghamsari | B25: 0 | C25: 0 | D25: 0 | E25: 4 | F25: 0 | G25: 1 | H25: 4 | I25: 0 | J25: 1 | K25: =J25-G25 -> 0 | L25: Consistency Workshop
A26: Saidee Porras | B26: 0 | C26: 0 | D26: 0 | E26: 0 | F26: 0 | G26: 0 | H26: 0 | I26: 0 | J26: 0 | K26: =J26-G26 -> 0
A27: Syed Ali | B27: 0 | C27: 0 | D27: 0 | E27: 8 | F27: 0 | G27: 1 | H27: 8 | I27: 0 | J27: 1 | K27: =J27-G27 -> 0 | L27: Texas LNG Main Support
B28: =SUM(B3:B27) -> 90.8 | C28: =SUM(C3:C27) -> 155.2 | E28: =SUM(E3:E27) -> 133.7 | F28: =SUM(F3:F27) -> 168.3 | H28: =SUM(H3:H27) -> 134.95 | I28: =SUM(I3:I27) -> 170.05
A29: Total | B29: =B28+C28 -> 246 | E29: =E28+F28 -> 302 | H29: =H28+I28 -> 305

Sheet Spent Hours
A1: Assigned To | B1: Weighted Earned | C1: Weighted Remaining | D1: Weighted % | E1: Current Assignment | F1: Export Total Hrs | G1: Project Work Hrs | H1: Initiative/Training Hrs | I1: Leave/Holiday Hrs | J1: Top Project / Assignment Hours | K1: Support Note
A2: Ahmad Yakuba | B2: 5.35 | C2: 13.65 | D2: 0.28157895 | E2: Homer City Electrical Lead | F2: 40 | G2: 24 | H2: 0 | I2: 16 | J2: Fuel Gas Yard: 24h | K2: Predominantly project work
A3: Allen Douglas | B3: 10.6 | C3: 11.4 | D3: 0.48181818 | E3: Border Wall + Energy Standards | F3: 0 | G3: 0 | H3: 0 | I3: 0 | J3: No project work found in export | K3: No export hours found
A4: John McGoldrick | B4: 4 | C4: 0 | D4: 1 | E4: Back to KOE | F4: 8 | G4: 8 | H4: 0 | I4: 0 | J4: Fuel Gas Yard: 8h | K4: Predominantly project work
A5: Ahmed Sherif | B5: 6 | C5: 4 | D5: 0.6 | F5: 40 | G5: 16 | H5: 8 | I5: 16 | J5: Fuel Gas Yard: 16h | K5: Predominantly project work
A6: Keshika Nath Varma | B6: 11 | C6: 3 | D6: 0.78571429 | E6: Homer City I&C Lead | F6: 40 | G6: 24 | H6: 0 | I6: 16 | J6: Fuel Gas Yard: 24h | K6: Predominantly project work
A7: Andy Baruth | B7: 0 | C7: 2 | D7: 0 | E7: Texas LNG Electrical Lead | F7: 0 | G7: 0 | H7: 0 | I7: 0 | J7: No project work found in export | K7: No export hours found
A8: Vendor | B8: 0 | C8: 4 | D8: 0 | F8: 0 | G8: 0 | H8: 0 | I8: 0 | J8: No project work found in export | K8: No export hours found
A9: Construction | B9: 0 | C9: 4 | D9: 0 | F9: 0 | G9: 0 | H9: 0 | I9: 0 | J9: No project work found in export | K9: No export hours found
A10: Tyler Reck | B10: 6.7 | C10: 7.3 | D10: 0.47857143 | E10: Texas LNG Support | F10: 40 | G10: 0 | H10: 0 | I10: 40 | J10: No project work found in export | K10: No project hours found
A11: Ali Malik | B11: 7 | C11: 3 | D11: 0.7 | E11: Sempra + Rock County + Energy Standardization | F11: 40 | G11: 24 | H11: 0 | I11: 16 | J11: Fuel Gas Yard: 14h; Sempra Next Gen LNG Study: 8h; Unspecified: 2h | K11: Predominantly project work
A12: Rasheed Oduro | B12: 16.25 | C12: 10.75 | D12: 0.60185185 | F12: 40 | G12: 8 | H12: 8 | I12: 24 | J12: Fuel Gas Yard: 8h | K12: Initiative/training hours present
A13: Available | B13: 0.25 | C13: 80.75 | D13: 0.0030864198 | F13: 0 | G13: 0 | H13: 0 | I13: 0 | J13: No project work found in export | K13: No export hours found
A14: Jacob Farsalas | B14: 4 | C14: 0 | D14: 1 | E14: Border Wall Site | F14: 0 | G14: 0 | H14: 0 | I14: 0 | J14: No project work found in export | K14: No export hours found
A15: Dilan Centeno | B15: 8 | C15: 7 | D15: 0.53333333 | E15: Sempra Electrical Lead | F15: 40 | G15: 22 | H15: 2 | I15: 16 | J15: Sempra Next Gen LNG Study: 12h; Unspecified: 10h | K15: Predominantly project work
A16: ADAPT | B16: 0 | C16: 2 | D16: 0 | F16: 0 | G16: 0 | H16: 0 | I16: 0 | J16: No project work found in export | K16: No export hours found
A17: Rene Contreras | B17: 28.05 | C17: 12.95 | D17: 0.68414634 | E17: Sempra I&C Lead | F17: 40 | G17: 0 | H17: 0 | I17: 40 | J17: No project work found in export | K17: No project hours found
A18: Raul Ledezma | B18: 5 | C18: 2 | D18: 0.71428571 | E18: Texas LNG I&C Lead | F18: 40 | G18: 18 | H18: 6 | I18: 16 | J18: Unspecified: 18h | K18: Predominantly project work
A19: Mohan Murugesan | B19: 2 | C19: 0 | D19: 1 | E19: Back to KOE | F19: 0 | G19: 0 | H19: 0 | I19: 0 | J19: No project work found in export | K19: No export hours found
A20: Aden Maigag | B20: 0 | C20: 0 | D20: 0 | E20: Power Query Support | F20: 0 | G20: 0 | H20: 0 | I20: 0 | J20: No project work found in export | K20: No export hours found
A21: Engineering | B21: 0 | C21: 0 | D21: 0 | F21: 0 | G21: 0 | H21: 0 | I21: 0 | J21: No project work found in export | K21: No export hours found
A22: Oscar Handal | B22: 8.75 | C22: 2.25 | D22: 0.79545455 | E22: Consistency Workshop + Energy Standardization | F22: 40 | G22: 0 | H22: 24 | I22: 16 | J22: No project work found in export | K22: Initiative/training hours present
A23: Procurement | B23: 0 | C23: 0 | D23: 0 | F23: 0 | G23: 0 | H23: 0 | I23: 0 | J23: No project work found in export | K23: No export hours found
A24: Rojna Ghamsari | B24: 4 | C24: 0 | D24: 1 | E24: Consistency Workshop | F24: 40 | G24: 24 | H24: 0 | I24: 16 | J24: Fuel Gas Yard: 24h | K24: Predominantly project work
A25: Saidee Porras | B25: 0 | C25: 0 | D25: 0 | F25: 0 | G25: 0 | H25: 0 | I25: 0 | J25: No project work found in export | K25: No export hours found
A26: Syed Ali | B26: 8 | C26: 0 | D26: 1 | E26: Texas LNG Main Support | F26: 40 | G26: 20 | H26: 4 | I26: 16 | J26: Texas LNG - EPC: 20h | K26: Predominantly project work
A29: Rollup
A30: People in Assigned Person Summary | B30: 25
A31: People found in export | B31: 13
A32: Total export hours for assigned people | B32: 488
A33: Project work hours for assigned people | B33: 188
A34: Initiative/training/dept support hours | B34: 52
A35: Leave/holiday hours | B35: 248

Sheet Weekly Tracking
A1: Week Ending | B1: Snapshot File | C1: Total Weighted Scope | D1: Actual Cumulative % | E1: Actual Cumulative Earned | F1: Planned Cum % | G1: Planned Cum Earned | H1: Weekly Actual Earned | I1: Weekly Planned Earned | J1: Variance % | K1: RAG | L1: Notes
A2: 46157 | B2: E&I Initiative Action Item List_05-15-2026.xlsx | C2: 243 | D2: =IF(C2=0,"",E2/C2) -> 0.16460905 | E2: 40 | G2: =IF(F2="",0,F2*C2) -> 0 | H2: =E2 -> 40 | I2: =G2 -> 0 | J2: =IF(F2="","",F2-D2) | K2: =IF(J2="","",IF(J2>0.02,"Ahead",IF(J2<-0.02,"Behind","On Track"))) | L2: Historical actuals loaded from archived EOW file
A3: 46164 | B3: E&I Initiative Action Item List_05-22-2026.xlsx | C3: 243 | D3: =IF(C3=0,"",E3/C3) -> 0.17695473 | E3: 43 | G3: =IF(F3="",0,F3*C3) -> 0 | H3: =E3-E2 -> 3 | I3: =G3-G2 -> 0 | J3: =IF(F3="","",F3-D3) | K3: =IF(J3="","",IF(J3>0.02,"Ahead",IF(J3<-0.02,"Behind","On Track"))) | L3: Historical actuals loaded from archived EOW file
A4: 46171 | B4: E&I Initiative Action Item List_05-29-2026.xlsx | C4: 243 | D4: =IF(C4=0,"",E4/C4) -> 0.17695473 | E4: 43 | G4: =IF(F4="",0,F4*C4) -> 0 | H4: =E4-E3 -> 0 | I4: =G4-G3 -> 0 | J4: =IF(F4="","",F4-D4) | K4: =IF(J4="","",IF(J4>0.02,"Ahead",IF(J4<-0.02,"Behind","On Track"))) | L4: Historical actuals loaded from archived EOW file
A5: 46178 | B5: E&I Initiative Action Item List_06-05-2026.xlsx | C5: 243 | D5: =IF(C5=0,"",E5/C5) -> 0.17695473 | E5: 43 | G5: =IF(F5="",0,F5*C5) -> 0 | H5: =E5-E4 -> 0 | I5: =G5-G4 -> 0 | J5: =IF(F5="","",F5-D5) | K5: =IF(J5="","",IF(J5>0.02,"Ahead",IF(J5<-0.02,"Behind","On Track"))) | L5: Historical actuals loaded from archived EOW file
A6: 46185 | B6: E&I Initiative Action Item List_06-12-2026.xlsx | C6: 245 | D6: =IF(C6=0,"",E6/C6) -> 0.1877551 | E6: 46 | G6: =IF(F6="",0,F6*C6) -> 0 | H6: =E6-E5 -> 3 | I6: =G6-G5 -> 0 | J6: =IF(F6="","",F6-D6) | K6: =IF(J6="","",IF(J6>0.02,"Ahead",IF(J6<-0.02,"Behind","On Track"))) | L6: Historical actuals loaded from archived EOW file
A7: 46192 | B7: Manual | C7: =SUM('Initiative List'!M:M) -> 305 | D7: =IF(C7=0,"",E7/C7) -> 0.29770492 | E7: 90.8 | G7: =IF(F7="",0,F7*C7) -> 0 | H7: =E7-E6 -> 44.8 | I7: =G7-G6 -> 0 | J7: =IF(F7="","",F7-D7) | K7: =IF(J7="","",IF(J7>0.02,"Ahead",IF(J7<-0.02,"Behind","On Track"))) | L7: Enter actual and planned cumulative %
A8: 46199 | B8: Manual | C8: =SUM('Initiative List'!M:M) -> 305 | D8: =IF(C8=0,"",E8/C8) -> 0.43836066 | E8: 133.7 | G8: =IF(F8="",0,F8*C8) -> 0 | H8: =E8-E7 -> 42.9 | I8: =G8-G7 -> 0 | J8: =IF(F8="","",F8-D8) | K8: =IF(J8="","",IF(J8>0.02,"Ahead",IF(J8<-0.02,"Behind","On Track"))) | L8: Enter actual and planned cumulative %
A9: 46206 | B9: Manual | C9: =SUM('Initiative List'!M:M) -> 305 | D9: =IF(C9=0,"",E9/C9) -> 0.44 | E9: 134.2 | G9: =IF(F9="",0,F9*C9) -> 0 | H9: =E9-E8 -> 0.5 | I9: =G9-G8 -> 0 | J9: =IF(F9="","",F9-D9) | K9: =IF(J9="","",IF(J9>0.02,"Ahead",IF(J9<-0.02,"Behind","On Track"))) | L9: Enter actual and planned cumulative % Holiday Week
A10: 46213 | B10: Manual | C10: =SUM('Initiative List'!M:M) -> 305 | D10: =IF(C10=0,"",E10/C10) -> 0.44344262 | E10: 135.25 | G10: =IF(F10="",0,F10*C10) -> 0 | H10: =E10-E9 -> 1.05 | I10: =G10-G9 -> 0 | J10: =IF(F10="","",F10-D10) | K10: =IF(J10="","",IF(J10>0.02,"Ahead",IF(J10<-0.02,"Behind","On Track"))) | L10: Enter actual and planned cumulative %
A11: 46220 | B11: Manual | C11: =SUM('Initiative List'!M:M) -> 305 | D11: =IF(C11=0,"",E11/C11) -> 0.44344262 | E11: 135.25 | G11: =IF(F11="",0,F11*C11) -> 0 | H11: =E11-E10 -> 0 | I11: =G11-G10 -> 0 | J11: =IF(F11="","",F11-D11) | K11: =IF(J11="","",IF(J11>0.02,"Ahead",IF(J11<-0.02,"Behind","On Track"))) | L11: Enter actual and planned cumulative %
A12: 46227 | B12: Manual | C12: =SUM('Initiative List'!M:M) -> 305 | D12: =IF(C12=0,"",E12/C12) -> 0.44344262 | E12: ='Executive Dashboard'!G5 -> 135.25 | G12: =IF(F12="",0,F12*C12) -> 0 | H12: =E12-E11 -> 0 | I12: =G12-G11 -> 0 | J12: =IF(F12="","",F12-D12) | K12: =IF(J12="","",IF(J12>0.02,"Ahead",IF(J12<-0.02,"Behind","On Track"))) | L12: Enter actual and planned cumulative %
A13: 46234 | B13: Manual | C13: =SUM('Initiative List'!M:M) -> 305 | D13: =IF(C13=0,"",E13/C13) -> 0.44344262 | E13: ='Executive Dashboard'!G5 -> 135.25 | G13: =IF(F13="",0,F13*C13) -> 0 | H13: =E13-E12 -> 0 | I13: =G13-G12 -> 0 | J13: =IF(F13="","",F13-D13) | K13: =IF(J13="","",IF(J13>0.02,"Ahead",IF(J13<-0.02,"Behind","On Track"))) | L13: Enter actual and planned cumulative %

Sheet Lookup
A1: Lookup Lists
A2: Use these helper lists for drop-downs.
A4: Initiative | B4: Discipline | C4: Category | D4: Deliverable | E4: Assigned To | F4: Reviewer | G4: Status | H4: Priority
A5: Consistency Workshop | B5: E&I Department | C5: Estimating | D5: Estimate Basis | E5: ADAPT | F5: Allen Douglas | G5: Started | H5: High
A6: Estimate Document Numbering | B6: OGC | C6: Document Control | D6: Teambinder Numbering | E6: Aden Maigag | F6: Rene Contreras | G6: HOLD | H6: Critical
A7: Indicative Tool | B7: Instrumentation and Controls | C7: Procurement | D7: Indicative Tool | E7: Ahmad Yakuba | F7: Andy Baruth | G7: Closed Out | H7: Medium
A8: Initiatives - Future | B8: Electrical | C8: Engineering | D8: OGC Estimate Checklist | E8: Ahmed Sherif | F8: Ali Malik | G8: In Review | H8: Low
A9: Mock Project Files | B9: Energy | C9: Department | D9: Standard Template | E9: Ali Malik | F9: Rasheed Oduro | G9: Not Started | H9: N/A
A10: I&C Adapt Logic | C10: Wire and Cable | D10: Project SharePoint | E10: Allen Douglas | F10: Raul Ledezma | G10: 50% Complete
A11: Department Display | C11: Grounding | D11: Historical / Benchmark Improvement IO 101023945 | E11: Andy Baruth | G11: 75% Complete
A12: White Paper Reports | C12: Lighting | D12: ADAPT - Logic | E12: Available | G12: 25% Complete
A13: Initiatives Folder | C13: Cable Tray | D13: Presentation | E13: Construction | G13: Pause
A14: Energy Standardization | C14: Conduit | D14: Lessons Learned / White Paper | E14: Dilan Centeno | G14: Complete
A15: Vendor Presentations | C15: Channel Tray | D15: Cable List | E15: Engineering | G15: Approved
A16: Temporary Power | C16: DuctBank | D16: ADAPT - Assemblies / KIDs | E16: Jacob Farsalas | G16: Reviewed
A17: TBD - Folder Not Created | C17: Heat Trace | D17: Excel Spreadsheet | E17: John McGoldrick
A18: Cable Automation | C18: Lightning Protection | D18: Procedure (Energy) | E18: Keshika Nath Varma
A19: Moved - Procurement Standard | C19: Receptacle-120V | D19: Training Improvement IO 101023951 | E19: Mohan Murugesan
A20: Shiploose Pricing Index | C20: Receptacle-480V | D20: Procedure (OGC) | E20: Oscar Handal
A21: BB Toolset Symbols | C21: Temporary Power | D21: Procurement - RFQ | E21: Procurement
A22: CAD Toolset Symbols | C22: Cable - General | D22: KOE Installation Detail | E22: Rasheed Oduro
A23: Master Sheets - P.Query | C23: Equipment and Devices | D23: Procurement - QCS | E23: Raul Ledezma
A24: Moved - KOE Standard | C24: Terminations | D24: ADAPT - Report | E24: Rene Contreras
A25: Installation Details | C25: Bulk Materials | D25: Word Document | E25: Rojna Ghamsari
A26: Moved - Department SharePoint | C26: Cathodic Protection | D26: ADAPT - Bluebeam Tools | E26: Saidee Porras
A27: Moved - Energy Toolbox | C27: Sub - Supply & Installation | D27: AutoCAD | E27: Syed Ali
A28: Moved - KED Standard | C28: Construction | D28: Software Improvement IO 101029801 | E28: Tyler Reck
A29: Module Standards | C29: Benchmark / Labor | D29: Work Flow | E29: Vendor
C30: Cable - Ethernet | D30: Calculator
C31: Cable - Fiber | D31: Diagram
C32: Cable - I&C Control | D32: Hard Dollar / InEight Estimate
C33: Cable - LV 120V | D33: Hard Dollar / InEight Estimate - Upload Sheet
C34: Cable - LV 480V | D34: OGC DOR
C35: Cable - LV Control (Power) | D35: OGC E&I Estimating Home Page
C36: Cable - MV | D36: Procurement - TBE
C37: Raceway | D37: Review Book - Blue & White Sheet
D38: Review Book - Cable by Systems
D39: Review Book - E&I Summary
D40: Review Book - Metrics and Ratios
D41: Review Cycle
D42: S3D
D43: Talent Navigator
D44: TeamBinder / InEight Document
D45: Validation
A49: Original Reference Sheet (copied from current tracker)
A50: BB Toolset Symbols | B50: E&I Department | C50: Benchmark / Labor | D50: ADAPT - Assemblies / KIDs | E50: ADAPT | F50: Allen Douglas | G50: Started | H50: Critical | I50: 2
A51: CAD Toolset Symbols | B51: Electrical | C51: Cable - Ethernet | D51: ADAPT - Bluebeam Tools | E51: Aden Maigag | F51: Andy Baruth | G51: 25% Complete | H51: High | I51: 3
A52: Consistency Workshop | B52: Energy | C52: Cable - Fiber | D52: ADAPT - Logic | E52: Ahmad Yakuba | F52: Ali Malik | G52: 50% Complete | H52: Medium | I52: 4
A53: Department Display | B53: Instrumentation and Controls | C53: Cable - General | D53: ADAPT - Report | E53: Ahmed Sherif | F53: Raul Ledezma | G53: 75% Complete | H53: Low | I53: 5
A54: Energy Standardization | B54: OGC | C54: Cable - I&C Control | D54: AutoCAD | E54: Ali Malik | F54: Rene Contreras | G54: Complete | H54: N/A | I54: 6
A55: Estimate Document Numbering | C55: Cable - LV 120V | D55: Cable List | E55: Allen Douglas | G55: Approved | I55: 7
A56: I&C Adapt Logic | C56: Cable - LV 480V | D56: Calculator | E56: Andy Baruth | G56: Closed Out | I56: 8
A57: Indicative Tool | C57: Cable - LV Control (Power) | D57: Diagram | E57: Available | G57: HOLD | I57: 9
A58: Initiatives - Future | C58: Cable - MV | D58: Estimate Basis | E58: Construction | G58: In Review | I58: 10
A59: Initiatives Folder | C59: Cable Tray | D59: Excel Spreadsheet | E59: Dilan Centeno | G59: Not Started | I59: 11
A60: Installation Details | E60: Mohan Murugesan | G60: Pause
A61: Master Sheets - P.Query | C61: Cathodic Protection | D61: Hard Dollar / InEight Estimate | E61: Engineering | G61: Reviewed | I61: 12
A62: Mock Project Files | C62: Channel Tray | D62: Hard Dollar / InEight Estimate - Upload Sheet | E62: Jacob Farsalas | I62: 13
A63: Moved - Department SharePoint | C63: Conduit | D63: Historical / Benchmark Improvement IO 101023945 | E63: John McGoldrick | I63: 14
A64: Moved - Energy Toolbox | C64: Construction | D64: Indicative Tool | E64: Keshika Nath Varma | I64: 15
A65: Moved - KED Standard | C65: Department | D65: KOE Installation Detail | E65: Oscar Handal | I65: 16
A66: Moved - KOE Standard | C66: Document Control | D66: Lessons Learned / White Paper | E66: Procurement | I66: 17
A67: Moved - Procurement Standard | C67: DuctBank | D67: OGC DOR | E67: Rasheed Oduro | I67: 18
A68: Vendor Presentations | C68: Engineering | D68: OGC E&I Estimating Home Page | E68: Raul Ledezma | I68: 19
A69: White Paper Reports | C69: Equipment and Devices | D69: OGC Estimate Checklist | E69: Rene Contreras | I69: 20
A70: Module Standards | C70: Estimating | D70: Presentation | E70: Rojna Ghamsari | I70: 21
A71: TBD - Folder Not Created | C71: Grounding | D71: Procedure (Energy) | E71: Saidee Porras | I71: 22
A72: Temporary Power | C72: Heat Trace | D72: Procedure (OGC) | E72: Syed Ali | I72: 23
A73: Cable Automation | C73: Lighting | D73: Procurement - QCS | E73: Tyler Reck | I73: 24
C74: Lightning Protection | D74: Procurement - RFQ | E74: Vendor | I74: 25
C75: Procurement | D75: Procurement - TBE | I75: 26
C76: Receptacle-120V | D76: Project SharePoint | I76: 27
C77: Receptacle-480V | D77: Review Book - Blue & White Sheet | I77: 28
C78: Temporary Power | D78: Review Book - Cable by Systems | I78: 29
C79: Wire and Cable | D79: Review Book - E&I Summary | I79: 30
C80: Raceway | D80: Review Book - Metrics and Ratios | I80: 31
C81: Terminations | D81: Review Cycle | I81: 32
C82: Bulk Materials | D82: S3D | I82: 33
C83: Sub - Supply & Installation | D83: Software Improvement IO 101029801 | I83: 34
D84: Standard Template | I84: 35
D85: Talent Navigator | I85: 36
D86: TeamBinder / InEight Document | I86: 37
D87: Teambinder Numbering | I87: 38
D88: Training Improvement IO 101023951 | I88: 39
D89: Validation | I89: 40
D90: Word Document | I90: 41
D91: Work Flow | I91: 42
I92: 43
I93: 44
I94: 45
I95: 46
I96: 47
I97: 48
I98: 49
I99: 50

Sheet How to Update
A1: How to Update This Workbook
A2: This sheet explains weekly update steps.
A4: 1. Analytics weekly update
A5: Update Status in column I, Manual Progress % in column N as needed, then optionally set Last Updated (T) and Week Ending (U). Do not overwrite formulas in M, O, P, Q, R, or V.
A8: 3. Backfill or future weeks
A9: In Weekly Tracking, enter Planned Cumulatative % in column F for any future week. For future weeks, enter Actual Cumulative % in column D once the week closes.
A12: 4. Drop-downs
A13: The Lookup sheet now includes helper lists and the original Reference sheet so Initiative, Discipline, Category, Deliverable, Assigned To, Reviewer, Status, and Priority fields can all use drop-downs.
A16: 5. Quarter tracking
A17: Due Quarter Bucket is calculated in Analytics column V and is used by the dashboard to show how much weighted scope is due in Q1/Q2/Q3/Q4 and how much has been earned.
